card_id,num,url,scrap_date,source_id,dl_loaded_date
336054,0,https://platform.cstatic-images.com/xlarge/in/v2/68e66329-86db-596b-97f8-32dd0cc973a9/466f7df9-1bc0-4130-98e5-0713860ebed1/tfypfj6gcAbvdvqswgCzzrkvs_A.jpg,2023-05-01T08:00:40.000Z,cars.com scrapper,2023-05-03T22:26:45.376Z
336054,1,https://platform.cstatic-images.com/xlarge/in/v2/68e66329-86db-596b-97f8-32dd0cc973a9/466f7df9-1bc0-4130-98e5-0713860ebed1/qBi9bDIbbkBikzofzU6j9-jH-Rk.jpg,2023-05-01T08:00:40.000Z,cars.com scrapper,2023-05-03T22:26:45.376Z
336054,2,https://platform.cstatic-images.com/xlarge/in/v2/68e66329-86db-596b-97f8-32dd0cc973a9/466f7df9-1bc0-4130-98e5-0713860ebed1/VRcoI1z4JZBq_OG36OqeDtNR_RA.jpg,2023-05-01T08:00:40.000Z,cars.com scrapper,2023-05-03T22:26:45.376Z
336054,3,https://platform.cstatic-images.com/xlarge/in/v2/68e66329-86db-596b-97f8-32dd0cc973a9/466f7df9-1bc0-4130-98e5-0713860ebed1/Bm83FszFE2jA30QEe0Leh5MFIog.jpg,2023-05-01T08:00:40.000Z,cars.com scrapper,2023-05-03T22:26:45.376Z
336054,4,https://platform.cstatic-images.com/xlarge/in/v2/68e66329-86db-596b-97f8-32dd0cc973a9/466f7df9-1bc0-4130-98e5-0713860ebed1/N6puVX5m5bdZ21vkpupRJnoNlKU.jpg,2023-05-01T08:00:40.000Z,cars.com scrapper,2023-05-03T22:26:45.376Z
336054,5,https://platform.cstatic-images.com/xlarge/in/v2/68e66329-86db-596b-97f8-32dd0cc973a9/466f7df9-1bc0-4130-98e5-0713860ebed1/78o6MYHwbjCPIv9g8TEsAeBxY60.jpg,2023-05-01T08:00:40.000Z,cars.com scrapper,2023-05-03T22:26:45.376Z
336054,6,https://platform.cstatic-images.com/xlarge/in/v2/68e66329-86db-596b-97f8-32dd0cc973a9/466f7df9-1bc0-4130-98e5-0713860ebed1/H3sN9vi4FwIDvtbCGUTYCQfeAEg.jpg,2023-05-01T08:00:40.000Z,cars.com scrapper,2023-05-03T22:26:45.376Z
336054,7,https://platform.cstatic-images.com/xlarge/in/v2/68e66329-86db-596b-97f8-32dd0cc973a9/466f7df9-1bc0-4130-98e5-0713860ebed1/O6l8-N9ZEWTwRDFiebCghLGBDBc.jpg,2023-05-01T08:00:40.000Z,cars.com scrapper,2023-05-03T22:26:45.376Z
336054,8,https://platform.cstatic-images.com/xlarge/in/v2/68e66329-86db-596b-97f8-32dd0cc973a9/466f7df9-1bc0-4130-98e5-0713860ebed1/MBP7x1-E5bNa-dJvJURDV8RnADo.jpg,2023-05-01T08:00:40.000Z,cars.com scrapper,2023-05-03T22:26:45.376Z
336054,9,https://platform.cstatic-images.com/xlarge/in/v2/68e66329-86db-596b-97f8-32dd0cc973a9/466f7df9-1bc0-4130-98e5-0713860ebed1/_a504CZ67ywwiTyvvcqIlZwxcFw.jpg,2023-05-01T08:00:40.000Z,cars.com scrapper,2023-05-03T22:26:45.376Z
336054,10,https://platform.cstatic-images.com/xlarge/in/v2/68e66329-86db-596b-97f8-32dd0cc973a9/466f7df9-1bc0-4130-98e5-0713860ebed1/-uBrWxDdUF72uBNhyQXgsscCUWQ.jpg,2023-05-01T08:00:40.000Z,cars.com scrapper,2023-05-03T22:26:45.376Z
336054,11,https://platform.cstatic-images.com/xlarge/in/v2/68e66329-86db-596b-97f8-32dd0cc973a9/466f7df9-1bc0-4130-98e5-0713860ebed1/eU9GOuyxziJUCrs3M3L27ECCyqQ.jpg,2023-05-01T08:00:40.000Z,cars.com scrapper,2023-05-03T22:26:45.376Z
336054,12,https://platform.cstatic-images.com/xlarge/in/v2/68e66329-86db-596b-97f8-32dd0cc973a9/466f7df9-1bc0-4130-98e5-0713860ebed1/MxtBdq9gQcTdEXdvzHsst2O4-SI.jpg,2023-05-01T08:00:40.000Z,cars.com scrapper,2023-05-03T22:26:45.376Z
336054,13,https://platform.cstatic-images.com/xlarge/in/v2/68e66329-86db-596b-97f8-32dd0cc973a9/466f7df9-1bc0-4130-98e5-0713860ebed1/S6rX7fxdAUfasWXakOQosTFhXzM.jpg,2023-05-01T08:00:40.000Z,cars.com scrapper,2023-05-03T22:26:45.376Z
336054,14,https://platform.cstatic-images.com/xlarge/in/v2/68e66329-86db-596b-97f8-32dd0cc973a9/466f7df9-1bc0-4130-98e5-0713860ebed1/XFNwQ_knEaO5AOjrH4jV0gFoq6c.jpg,2023-05-01T08:00:40.000Z,cars.com scrapper,2023-05-03T22:26:45.376Z
336054,15,https://platform.cstatic-images.com/xlarge/in/v2/68e66329-86db-596b-97f8-32dd0cc973a9/466f7df9-1bc0-4130-98e5-0713860ebed1/DQr5wVt11qJYJWhtwM-KNVrmURs.jpg,2023-05-01T08:00:40.000Z,cars.com scrapper,2023-05-03T22:26:45.376Z
336054,16,https://platform.cstatic-images.com/xlarge/in/v2/68e66329-86db-596b-97f8-32dd0cc973a9/466f7df9-1bc0-4130-98e5-0713860ebed1/Uy5cRY602kTq6OyEG1dHMFceqC8.jpg,2023-05-01T08:00:40.000Z,cars.com scrapper,2023-05-03T22:26:45.376Z
H9895,0,https://platform.cstatic-images.com/xlarge/in/v2/06b81577-8c99-5a02-95a0-1226e1929fc8/38bad9d2-83cd-41e4-a85e-18cf22c719d0/uAKf47v_PjW57EeGuu-JG3egNEg.jpg,2023-05-01T08:01:18.000Z,cars.com scrapper,2023-05-03T22:26:45.376Z
H9895,1,https://platform.cstatic-images.com/xlarge/in/v2/06b81577-8c99-5a02-95a0-1226e1929fc8/38bad9d2-83cd-41e4-a85e-18cf22c719d0/MLUAg1Sk7v8J18V51QEhBQjTQs0.jpg,2023-05-01T08:01:18.000Z,cars.com scrapper,2023-05-03T22:26:45.376Z
H9895,2,https://platform.cstatic-images.com/xlarge/in/v2/06b81577-8c99-5a02-95a0-1226e1929fc8/38bad9d2-83cd-41e4-a85e-18cf22c719d0/UP8ZeTXUARQj7QfuqaP9zoyHTxI.jpg,2023-05-01T08:01:18.000Z,cars.com scrapper,2023-05-03T22:26:45.376Z
H9895,3,https://platform.cstatic-images.com/xlarge/in/v2/06b81577-8c99-5a02-95a0-1226e1929fc8/38bad9d2-83cd-41e4-a85e-18cf22c719d0/ik_mNyawM9THcxYcji3DXH_ygDk.jpg,2023-05-01T08:01:18.000Z,cars.com scrapper,2023-05-03T22:26:45.376Z
H9895,4,https://platform.cstatic-images.com/xlarge/in/v2/06b81577-8c99-5a02-95a0-1226e1929fc8/38bad9d2-83cd-41e4-a85e-18cf22c719d0/K5TdXJbRViAlG1QWGt-LAmrnmmA.jpg,2023-05-01T08:01:18.000Z,cars.com scrapper,2023-05-03T22:26:45.376Z
H9895,5,https://platform.cstatic-images.com/xlarge/in/v2/06b81577-8c99-5a02-95a0-1226e1929fc8/38bad9d2-83cd-41e4-a85e-18cf22c719d0/UCMIQy23R63DWPj5I2iTv3mFvIs.jpg,2023-05-01T08:01:18.000Z,cars.com scrapper,2023-05-03T22:26:45.376Z
H9895,6,https://platform.cstatic-images.com/xlarge/in/v2/06b81577-8c99-5a02-95a0-1226e1929fc8/38bad9d2-83cd-41e4-a85e-18cf22c719d0/cB5E4dyWcSACIJiRvgTv5vZd_Bo.jpg,2023-05-01T08:01:18.000Z,cars.com scrapper,2023-05-03T22:26:45.376Z
H9895,7,https://platform.cstatic-images.com/xlarge/in/v2/06b81577-8c99-5a02-95a0-1226e1929fc8/38bad9d2-83cd-41e4-a85e-18cf22c719d0/Ff2l9osi4RLEfpz-KohNbYOTLZ4.jpg,2023-05-01T08:01:18.000Z,cars.com scrapper,2023-05-03T22:26:45.376Z
H9895,8,https://platform.cstatic-images.com/xlarge/in/v2/06b81577-8c99-5a02-95a0-1226e1929fc8/38bad9d2-83cd-41e4-a85e-18cf22c719d0/VEBKPudAKLL6CaK2NDJZaca1ng8.jpg,2023-05-01T08:01:18.000Z,cars.com scrapper,2023-05-03T22:26:45.376Z
H9895,9,https://platform.cstatic-images.com/xlarge/in/v2/06b81577-8c99-5a02-95a0-1226e1929fc8/38bad9d2-83cd-41e4-a85e-18cf22c719d0/ncn_Pt9ThhdldUq3oLlCsSl9N0s.jpg,2023-05-01T08:01:18.000Z,cars.com scrapper,2023-05-03T22:26:45.376Z
H9895,10,https://platform.cstatic-images.com/xlarge/in/v2/06b81577-8c99-5a02-95a0-1226e1929fc8/38bad9d2-83cd-41e4-a85e-18cf22c719d0/j2dJjyaEm_91trZgNNIdSmLAiqY.jpg,2023-05-01T08:01:18.000Z,cars.com scrapper,2023-05-03T22:26:45.376Z
H9895,11,https://platform.cstatic-images.com/xlarge/in/v2/06b81577-8c99-5a02-95a0-1226e1929fc8/38bad9d2-83cd-41e4-a85e-18cf22c719d0/tWs6i3jVbxPtSNzoM4EwWxno1go.jpg,2023-05-01T08:01:18.000Z,cars.com scrapper,2023-05-03T22:26:45.376Z
H9895,12,https://platform.cstatic-images.com/xlarge/in/v2/06b81577-8c99-5a02-95a0-1226e1929fc8/38bad9d2-83cd-41e4-a85e-18cf22c719d0/XOGpMHG1VRU8QH8VO8X4onTOFgE.jpg,2023-05-01T08:01:18.000Z,cars.com scrapper,2023-05-03T22:26:45.376Z
H9895,13,https://platform.cstatic-images.com/xlarge/in/v2/06b81577-8c99-5a02-95a0-1226e1929fc8/38bad9d2-83cd-41e4-a85e-18cf22c719d0/A2C5iSoKOontdFSjj-pZwLy2Jxk.jpg,2023-05-01T08:01:18.000Z,cars.com scrapper,2023-05-03T22:26:45.376Z
H9895,14,https://platform.cstatic-images.com/xlarge/in/v2/06b81577-8c99-5a02-95a0-1226e1929fc8/38bad9d2-83cd-41e4-a85e-18cf22c719d0/iGWcPMGkBl4cGHGwjIsgX3E9S-4.jpg,2023-05-01T08:01:18.000Z,cars.com scrapper,2023-05-03T22:26:45.376Z
H9895,15,https://platform.cstatic-images.com/xlarge/in/v2/06b81577-8c99-5a02-95a0-1226e1929fc8/38bad9d2-83cd-41e4-a85e-18cf22c719d0/HAcoNc41vaRrFZtrBRfFkGkJrS0.jpg,2023-05-01T08:01:18.000Z,cars.com scrapper,2023-05-03T22:26:45.376Z
H9895,16,https://platform.cstatic-images.com/xlarge/in/v2/06b81577-8c99-5a02-95a0-1226e1929fc8/38bad9d2-83cd-41e4-a85e-18cf22c719d0/2dbVZnk56yDPeHDYoZDK9GLlJO0.jpg,2023-05-01T08:01:18.000Z,cars.com scrapper,2023-05-03T22:26:45.376Z
H9895,17,https://platform.cstatic-images.com/xlarge/in/v2/06b81577-8c99-5a02-95a0-1226e1929fc8/38bad9d2-83cd-41e4-a85e-18cf22c719d0/Fra3OPenvuSHMsW18vNjKGR5BBo.jpg,2023-05-01T08:01:18.000Z,cars.com scrapper,2023-05-03T22:26:45.376Z
H9895,18,https://platform.cstatic-images.com/xlarge/in/v2/06b81577-8c99-5a02-95a0-1226e1929fc8/38bad9d2-83cd-41e4-a85e-18cf22c719d0/BLt5fS1nU6B95O1yljpxJ2_1hw4.jpg,2023-05-01T08:01:18.000Z,cars.com scrapper,2023-05-03T22:26:45.376Z
H9895,19,https://platform.cstatic-images.com/xlarge/in/v2/06b81577-8c99-5a02-95a0-1226e1929fc8/38bad9d2-83cd-41e4-a85e-18cf22c719d0/Rza3l2EjLDlC7iVuKzO7kxt9M74.jpg,2023-05-01T08:01:18.000Z,cars.com scrapper,2023-05-03T22:26:45.376Z
H9895,20,https://platform.cstatic-images.com/xlarge/in/v2/06b81577-8c99-5a02-95a0-1226e1929fc8/38bad9d2-83cd-41e4-a85e-18cf22c719d0/SxG2fzmGZqElwpuSNoMDzelMhkQ.jpg,2023-05-01T08:01:18.000Z,cars.com scrapper,2023-05-03T22:26:45.376Z
C94435,0,https://platform.cstatic-images.com/xlarge/in/v2/5ef2c164-7376-51b1-b1af-58da592978ca/c06a7e83-5f77-4f0b-a831-a33b96b4d2b5/1OrpwwrYkY-7RQdl0vCOomUJJzE.jpg,2023-05-01T08:02:32.000Z,cars.com scrapper,2023-05-03T22:26:45.376Z
C94435,1,https://platform.cstatic-images.com/xlarge/in/v2/5ef2c164-7376-51b1-b1af-58da592978ca/c06a7e83-5f77-4f0b-a831-a33b96b4d2b5/FcXlMTWQQMyXVUhThwIE6ATRSSA.jpg,2023-05-01T08:02:32.000Z,cars.com scrapper,2023-05-03T22:26:45.376Z
C94435,2,https://platform.cstatic-images.com/xlarge/in/v2/5ef2c164-7376-51b1-b1af-58da592978ca/c06a7e83-5f77-4f0b-a831-a33b96b4d2b5/NoL2ibtt_mz84ZKaEGy252ZziEU.jpg,2023-05-01T08:02:32.000Z,cars.com scrapper,2023-05-03T22:26:45.376Z
C94435,3,https://platform.cstatic-images.com/xlarge/in/v2/5ef2c164-7376-51b1-b1af-58da592978ca/c06a7e83-5f77-4f0b-a831-a33b96b4d2b5/D2cg5OjNsPwRm7Y9P45WCL9pD2g.jpg,2023-05-01T08:02:32.000Z,cars.com scrapper,2023-05-03T22:26:45.376Z
C94435,4,https://platform.cstatic-images.com/xlarge/in/v2/5ef2c164-7376-51b1-b1af-58da592978ca/c06a7e83-5f77-4f0b-a831-a33b96b4d2b5/Udau32X9jVi7UnPDMIM4xfLji80.jpg,2023-05-01T08:02:32.000Z,cars.com scrapper,2023-05-03T22:26:45.376Z
C94435,5,https://platform.cstatic-images.com/xlarge/in/v2/5ef2c164-7376-51b1-b1af-58da592978ca/c06a7e83-5f77-4f0b-a831-a33b96b4d2b5/BVyvVYvh_O7yCMGrL_OwAS0Z7zo.jpg,2023-05-01T08:02:32.000Z,cars.com scrapper,2023-05-03T22:26:45.376Z
C94435,6,https://platform.cstatic-images.com/xlarge/in/v2/5ef2c164-7376-51b1-b1af-58da592978ca/c06a7e83-5f77-4f0b-a831-a33b96b4d2b5/pYtP2bbiZLP5L3pK3Lxc4kItklQ.jpg,2023-05-01T08:02:32.000Z,cars.com scrapper,2023-05-03T22:26:45.376Z
C94435,7,https://platform.cstatic-images.com/xlarge/in/v2/5ef2c164-7376-51b1-b1af-58da592978ca/c06a7e83-5f77-4f0b-a831-a33b96b4d2b5/Lv-A0_JFNlCWLJnOLiKru71ZCNc.jpg,2023-05-01T08:02:32.000Z,cars.com scrapper,2023-05-03T22:26:45.376Z
C94435,8,https://platform.cstatic-images.com/xlarge/in/v2/5ef2c164-7376-51b1-b1af-58da592978ca/c06a7e83-5f77-4f0b-a831-a33b96b4d2b5/h19x5eU6PBMBRHVwg-JQfy2lDnA.jpg,2023-05-01T08:02:32.000Z,cars.com scrapper,2023-05-03T22:26:45.376Z
C94435,9,https://platform.cstatic-images.com/xlarge/in/v2/5ef2c164-7376-51b1-b1af-58da592978ca/c06a7e83-5f77-4f0b-a831-a33b96b4d2b5/ldAQMuOar7PA7vXBNB_paS774Bg.jpg,2023-05-01T08:02:32.000Z,cars.com scrapper,2023-05-03T22:26:45.376Z
C94435,10,https://platform.cstatic-images.com/xlarge/in/v2/5ef2c164-7376-51b1-b1af-58da592978ca/c06a7e83-5f77-4f0b-a831-a33b96b4d2b5/HW0MuyJi1iVQuvRFCle4awanVdE.jpg,2023-05-01T08:02:32.000Z,cars.com scrapper,2023-05-03T22:26:45.376Z
C94435,11,https://platform.cstatic-images.com/xlarge/in/v2/5ef2c164-7376-51b1-b1af-58da592978ca/c06a7e83-5f77-4f0b-a831-a33b96b4d2b5/q2qyWC-oZLRPvLlWlnH2CxyqnUc.jpg,2023-05-01T08:02:32.000Z,cars.com scrapper,2023-05-03T22:26:45.376Z
C94435,12,https://platform.cstatic-images.com/xlarge/in/v2/5ef2c164-7376-51b1-b1af-58da592978ca/c06a7e83-5f77-4f0b-a831-a33b96b4d2b5/cxo-gf1ix59a0q5asO1oH6k_SRE.jpg,2023-05-01T08:02:32.000Z,cars.com scrapper,2023-05-03T22:26:45.376Z
C94435,13,https://platform.cstatic-images.com/xlarge/in/v2/5ef2c164-7376-51b1-b1af-58da592978ca/c06a7e83-5f77-4f0b-a831-a33b96b4d2b5/UsOd_lgtaszgGKT9FfC5GkBX63s.jpg,2023-05-01T08:02:32.000Z,cars.com scrapper,2023-05-03T22:26:45.376Z
C94435,14,https://platform.cstatic-images.com/xlarge/in/v2/5ef2c164-7376-51b1-b1af-58da592978ca/c06a7e83-5f77-4f0b-a831-a33b96b4d2b5/8QCtjMA074eQdBg_AmcfgLYsaBo.jpg,2023-05-01T08:02:32.000Z,cars.com scrapper,2023-05-03T22:26:45.376Z
C94435,15,https://platform.cstatic-images.com/xlarge/in/v2/5ef2c164-7376-51b1-b1af-58da592978ca/c06a7e83-5f77-4f0b-a831-a33b96b4d2b5/YqBerhLCZfKWdDnmAzFRGGhfv5I.jpg,2023-05-01T08:02:32.000Z,cars.com scrapper,2023-05-03T22:26:45.376Z
C94435,16,https://platform.cstatic-images.com/xlarge/in/v2/5ef2c164-7376-51b1-b1af-58da592978ca/c06a7e83-5f77-4f0b-a831-a33b96b4d2b5/9_GZwEgTJxM39O-5qnL_awf6Vmc.jpg,2023-05-01T08:02:32.000Z,cars.com scrapper,2023-05-03T22:26:45.376Z
C94435,17,https://platform.cstatic-images.com/xlarge/in/v2/5ef2c164-7376-51b1-b1af-58da592978ca/c06a7e83-5f77-4f0b-a831-a33b96b4d2b5/OCxMD3CVYFCsrBlwp5pR11F3jV4.jpg,2023-05-01T08:02:32.000Z,cars.com scrapper,2023-05-03T22:26:45.376Z
C94435,18,https://platform.cstatic-images.com/xlarge/in/v2/5ef2c164-7376-51b1-b1af-58da592978ca/c06a7e83-5f77-4f0b-a831-a33b96b4d2b5/QNXutiR9TcMqLOehej_oDoGCqes.jpg,2023-05-01T08:02:32.000Z,cars.com scrapper,2023-05-03T22:26:45.376Z
C94435,19,https://platform.cstatic-images.com/xlarge/in/v2/5ef2c164-7376-51b1-b1af-58da592978ca/c06a7e83-5f77-4f0b-a831-a33b96b4d2b5/qv-M_1ntXU4JA2EcGkCLf2eDWYg.jpg,2023-05-01T08:02:32.000Z,cars.com scrapper,2023-05-03T22:26:45.376Z
C94435,20,https://platform.cstatic-images.com/xlarge/in/v2/5ef2c164-7376-51b1-b1af-58da592978ca/c06a7e83-5f77-4f0b-a831-a33b96b4d2b5/lz8WKc1vtmrKNb7cPgF9Y0AMrlM.jpg,2023-05-01T08:02:32.000Z,cars.com scrapper,2023-05-03T22:26:45.376Z
C94435,21,https://platform.cstatic-images.com/xlarge/in/v2/5ef2c164-7376-51b1-b1af-58da592978ca/c06a7e83-5f77-4f0b-a831-a33b96b4d2b5/mRbIxEivKTt48DRYZ5mNoTF0EQw.jpg,2023-05-01T08:02:32.000Z,cars.com scrapper,2023-05-03T22:26:45.376Z
C94435,22,https://platform.cstatic-images.com/xlarge/in/v2/5ef2c164-7376-51b1-b1af-58da592978ca/c06a7e83-5f77-4f0b-a831-a33b96b4d2b5/fKLXlQRi-ompa_RsJsKKp1eePGw.jpg,2023-05-01T08:02:32.000Z,cars.com scrapper,2023-05-03T22:26:45.376Z
C94435,23,https://platform.cstatic-images.com/xlarge/in/v2/5ef2c164-7376-51b1-b1af-58da592978ca/c06a7e83-5f77-4f0b-a831-a33b96b4d2b5/JKX2yUhyl3VAwtWuYcTU7kSZCdg.jpg,2023-05-01T08:02:32.000Z,cars.com scrapper,2023-05-03T22:26:45.376Z
C94435,24,https://platform.cstatic-images.com/xlarge/in/v2/5ef2c164-7376-51b1-b1af-58da592978ca/c06a7e83-5f77-4f0b-a831-a33b96b4d2b5/YZVeGv5AY6-KMPuYLlDQAPcG0oI.jpg,2023-05-01T08:02:32.000Z,cars.com scrapper,2023-05-03T22:26:45.376Z
C94435,25,https://platform.cstatic-images.com/xlarge/in/v2/5ef2c164-7376-51b1-b1af-58da592978ca/c06a7e83-5f77-4f0b-a831-a33b96b4d2b5/9qiJObj324VMaiyZL4Uk9YRlJaY.jpg,2023-05-01T08:02:32.000Z,cars.com scrapper,2023-05-03T22:26:45.376Z
C94435,26,https://platform.cstatic-images.com/xlarge/in/v2/5ef2c164-7376-51b1-b1af-58da592978ca/c06a7e83-5f77-4f0b-a831-a33b96b4d2b5/gJYYl3eK-5XjCvmv2i4dSYLQg8o.jpg,2023-05-01T08:02:32.000Z,cars.com scrapper,2023-05-03T22:26:45.376Z
C94435,27,https://platform.cstatic-images.com/xlarge/in/v2/5ef2c164-7376-51b1-b1af-58da592978ca/c06a7e83-5f77-4f0b-a831-a33b96b4d2b5/Y0Vs9fDW5dE98Db7B_v8aK6Wi3I.jpg,2023-05-01T08:02:32.000Z,cars.com scrapper,2023-05-03T22:26:45.376Z
H14771A,0,https://platform.cstatic-images.com/xlarge/in/v2/5f5379e3-8d09-590e-8b8a-e2463cf5b233/98b9a6c3-3916-411f-8e1b-7a9f45e469e1/pB9FQLMTGSTrt7ifCdg3oXdAGE4.jpg,2023-05-01T08:06:37.000Z,cars.com scrapper,2023-05-03T22:26:45.376Z
H14771A,1,https://platform.cstatic-images.com/xlarge/in/v2/5f5379e3-8d09-590e-8b8a-e2463cf5b233/98b9a6c3-3916-411f-8e1b-7a9f45e469e1/IK34nWFji-MuEYq_Hc7zbNQJML0.jpg,2023-05-01T08:06:37.000Z,cars.com scrapper,2023-05-03T22:26:45.376Z
H14771A,2,https://platform.cstatic-images.com/xlarge/in/v2/5f5379e3-8d09-590e-8b8a-e2463cf5b233/98b9a6c3-3916-411f-8e1b-7a9f45e469e1/oawwDA1zd6riXn8SPilzDCKgeOk.jpg,2023-05-01T08:06:37.000Z,cars.com scrapper,2023-05-03T22:26:45.376Z
H14771A,3,https://platform.cstatic-images.com/xlarge/in/v2/5f5379e3-8d09-590e-8b8a-e2463cf5b233/98b9a6c3-3916-411f-8e1b-7a9f45e469e1/a6Vclbx-riK-CIVgiI9thqWhzys.jpg,2023-05-01T08:06:37.000Z,cars.com scrapper,2023-05-03T22:26:45.376Z
J0038,0,https://platform.cstatic-images.com/xlarge/in/v2/06b81577-8c99-5a02-95a0-1226e1929fc8/9564c3d1-b710-4576-85e1-da26adbb760d/oVrNQsJ5-sViZC0VlVrbqp-rdgc.jpg,2023-05-01T08:01:16.000Z,cars.com scrapper,2023-05-03T22:26:45.376Z
J0038,1,https://platform.cstatic-images.com/xlarge/in/v2/06b81577-8c99-5a02-95a0-1226e1929fc8/9564c3d1-b710-4576-85e1-da26adbb760d/gqVGXskGosL_YMLpNXWhOdDXU0U.jpg,2023-05-01T08:01:16.000Z,cars.com scrapper,2023-05-03T22:26:45.376Z
J0038,2,https://platform.cstatic-images.com/xlarge/in/v2/06b81577-8c99-5a02-95a0-1226e1929fc8/9564c3d1-b710-4576-85e1-da26adbb760d/oHuIGlAEhFPv9fKECW43Xns5mlY.jpg,2023-05-01T08:01:16.000Z,cars.com scrapper,2023-05-03T22:26:45.376Z
J0038,3,https://platform.cstatic-images.com/xlarge/in/v2/06b81577-8c99-5a02-95a0-1226e1929fc8/9564c3d1-b710-4576-85e1-da26adbb760d/uLzApx9mQabHqI0x7LyZnnN2DgE.jpg,2023-05-01T08:01:16.000Z,cars.com scrapper,2023-05-03T22:26:45.376Z
J0038,4,https://platform.cstatic-images.com/xlarge/in/v2/06b81577-8c99-5a02-95a0-1226e1929fc8/9564c3d1-b710-4576-85e1-da26adbb760d/etxDXIqVC0VLO1deU72e8Av1k50.jpg,2023-05-01T08:01:16.000Z,cars.com scrapper,2023-05-03T22:26:45.376Z
J0038,5,https://platform.cstatic-images.com/xlarge/in/v2/06b81577-8c99-5a02-95a0-1226e1929fc8/9564c3d1-b710-4576-85e1-da26adbb760d/80oE4MpEmf8vi1RTeQEPEwpbXXw.jpg,2023-05-01T08:01:16.000Z,cars.com scrapper,2023-05-03T22:26:45.376Z
J0038,6,https://platform.cstatic-images.com/xlarge/in/v2/06b81577-8c99-5a02-95a0-1226e1929fc8/9564c3d1-b710-4576-85e1-da26adbb760d/aCxnXa8-IkfVdzziqU_2eOyOwMU.jpg,2023-05-01T08:01:16.000Z,cars.com scrapper,2023-05-03T22:26:45.376Z
J0038,7,https://platform.cstatic-images.com/xlarge/in/v2/06b81577-8c99-5a02-95a0-1226e1929fc8/9564c3d1-b710-4576-85e1-da26adbb760d/pSOcTFpvgTKbmzP1h8BkfU4C8RE.jpg,2023-05-01T08:01:16.000Z,cars.com scrapper,2023-05-03T22:26:45.376Z
J0038,8,https://platform.cstatic-images.com/xlarge/in/v2/06b81577-8c99-5a02-95a0-1226e1929fc8/9564c3d1-b710-4576-85e1-da26adbb760d/DWZr_HWICYz3zhu5Uh124ecaGVM.jpg,2023-05-01T08:01:16.000Z,cars.com scrapper,2023-05-03T22:26:45.376Z
J0038,9,https://platform.cstatic-images.com/xlarge/in/v2/06b81577-8c99-5a02-95a0-1226e1929fc8/9564c3d1-b710-4576-85e1-da26adbb760d/R_CngU1bC4bha3x8OTL7dNXpkOE.jpg,2023-05-01T08:01:16.000Z,cars.com scrapper,2023-05-03T22:26:45.376Z
J0038,10,https://platform.cstatic-images.com/xlarge/in/v2/06b81577-8c99-5a02-95a0-1226e1929fc8/9564c3d1-b710-4576-85e1-da26adbb760d/VvEVsUS22FkedtJ58AFdSrAWN7I.jpg,2023-05-01T08:01:16.000Z,cars.com scrapper,2023-05-03T22:26:45.376Z
J0038,11,https://platform.cstatic-images.com/xlarge/in/v2/06b81577-8c99-5a02-95a0-1226e1929fc8/9564c3d1-b710-4576-85e1-da26adbb760d/o9fFFO3h-YYajrw-QynIbmhZa-Q.jpg,2023-05-01T08:01:16.000Z,cars.com scrapper,2023-05-03T22:26:45.376Z
J0038,12,https://platform.cstatic-images.com/xlarge/in/v2/06b81577-8c99-5a02-95a0-1226e1929fc8/9564c3d1-b710-4576-85e1-da26adbb760d/gWpVZi9hGSLq62wJR1jLxHbJYV8.jpg,2023-05-01T08:01:16.000Z,cars.com scrapper,2023-05-03T22:26:45.376Z
J0038,13,https://platform.cstatic-images.com/xlarge/in/v2/06b81577-8c99-5a02-95a0-1226e1929fc8/9564c3d1-b710-4576-85e1-da26adbb760d/2ULBkMaK6Q0FPJpxkp9XondAjc8.jpg,2023-05-01T08:01:16.000Z,cars.com scrapper,2023-05-03T22:26:45.376Z
J0038,14,https://platform.cstatic-images.com/xlarge/in/v2/06b81577-8c99-5a02-95a0-1226e1929fc8/9564c3d1-b710-4576-85e1-da26adbb760d/e8CsCdkWKeqlBztTGtN12Rm8y5w.jpg,2023-05-01T08:01:16.000Z,cars.com scrapper,2023-05-03T22:26:45.376Z
J0038,15,https://platform.cstatic-images.com/xlarge/in/v2/06b81577-8c99-5a02-95a0-1226e1929fc8/9564c3d1-b710-4576-85e1-da26adbb760d/asAALisob9F7jDdSvSIpE8qz5u0.jpg,2023-05-01T08:01:16.000Z,cars.com scrapper,2023-05-03T22:26:45.376Z
J0038,16,https://platform.cstatic-images.com/xlarge/in/v2/06b81577-8c99-5a02-95a0-1226e1929fc8/9564c3d1-b710-4576-85e1-da26adbb760d/yJtnB9-nytAZhbhmuGR8UKY8heU.jpg,2023-05-01T08:01:16.000Z,cars.com scrapper,2023-05-03T22:26:45.376Z
J0038,17,https://platform.cstatic-images.com/xlarge/in/v2/06b81577-8c99-5a02-95a0-1226e1929fc8/9564c3d1-b710-4576-85e1-da26adbb760d/ap4w4h5UDyyTIvxNpZcbvvozLao.jpg,2023-05-01T08:01:16.000Z,cars.com scrapper,2023-05-03T22:26:45.376Z
P7075376A,0,https://platform.cstatic-images.com/xlarge/in/v2/b6a61451-db99-5688-8388-ea458abd1335/65a179dd-151d-4c06-8b47-9c4848605f9e/4APa2LZtd41xhdxGAy4WGiL3cPQ.jpg,2023-05-01T08:01:33.000Z,cars.com scrapper,2023-05-03T22:26:45.376Z
P7075376A,1,https://platform.cstatic-images.com/xlarge/in/v2/b6a61451-db99-5688-8388-ea458abd1335/65a179dd-151d-4c06-8b47-9c4848605f9e/S2MtnhhsvM4pcrQM2jzPFCn4UL4.jpg,2023-05-01T08:01:33.000Z,cars.com scrapper,2023-05-03T22:26:45.376Z
P7075376A,2,https://platform.cstatic-images.com/xlarge/in/v2/b6a61451-db99-5688-8388-ea458abd1335/65a179dd-151d-4c06-8b47-9c4848605f9e/Om6dYJwYOoFQAWyxvBgSNAxPTo4.jpg,2023-05-01T08:01:33.000Z,cars.com scrapper,2023-05-03T22:26:45.376Z
P7075376A,3,https://platform.cstatic-images.com/xlarge/in/v2/b6a61451-db99-5688-8388-ea458abd1335/65a179dd-151d-4c06-8b47-9c4848605f9e/mX7pI6p7i6SZGT1rc0dEhvoQVIg.jpg,2023-05-01T08:01:33.000Z,cars.com scrapper,2023-05-03T22:26:45.376Z
P7075376A,4,https://platform.cstatic-images.com/xlarge/in/v2/b6a61451-db99-5688-8388-ea458abd1335/65a179dd-151d-4c06-8b47-9c4848605f9e/qIFTEvvjEdtLEOQaihQRceGvKwM.jpg,2023-05-01T08:01:33.000Z,cars.com scrapper,2023-05-03T22:26:45.376Z
P7075376A,5,https://platform.cstatic-images.com/xlarge/in/v2/b6a61451-db99-5688-8388-ea458abd1335/65a179dd-151d-4c06-8b47-9c4848605f9e/7IcfRKUEj11E9f2qXdqKrqvHgsk.jpg,2023-05-01T08:01:33.000Z,cars.com scrapper,2023-05-03T22:26:45.376Z
P7075376A,6,https://platform.cstatic-images.com/xlarge/in/v2/b6a61451-db99-5688-8388-ea458abd1335/65a179dd-151d-4c06-8b47-9c4848605f9e/piHyosqvOyVvk2H2wsqoVrpCxwY.jpg,2023-05-01T08:01:33.000Z,cars.com scrapper,2023-05-03T22:26:45.376Z
P7075376A,7,https://platform.cstatic-images.com/xlarge/in/v2/b6a61451-db99-5688-8388-ea458abd1335/65a179dd-151d-4c06-8b47-9c4848605f9e/BICrtRCXXOhyuQhF2KY8tHFHXLs.jpg,2023-05-01T08:01:33.000Z,cars.com scrapper,2023-05-03T22:26:45.376Z
P7075376A,8,https://platform.cstatic-images.com/xlarge/in/v2/b6a61451-db99-5688-8388-ea458abd1335/65a179dd-151d-4c06-8b47-9c4848605f9e/pGkOiwl_WBV1RmGQ3hRFLXEK5Lk.jpg,2023-05-01T08:01:33.000Z,cars.com scrapper,2023-05-03T22:26:45.376Z
P7075376A,9,https://platform.cstatic-images.com/xlarge/in/v2/b6a61451-db99-5688-8388-ea458abd1335/65a179dd-151d-4c06-8b47-9c4848605f9e/kPvKmZaVST0oTHivdy_pg1hthWU.jpg,2023-05-01T08:01:33.000Z,cars.com scrapper,2023-05-03T22:26:45.376Z
P7075376A,10,https://platform.cstatic-images.com/xlarge/in/v2/b6a61451-db99-5688-8388-ea458abd1335/65a179dd-151d-4c06-8b47-9c4848605f9e/CFH-wAfCP-qy726woMA4XGMoMDo.jpg,2023-05-01T08:01:33.000Z,cars.com scrapper,2023-05-03T22:26:45.376Z
P7075376A,11,https://platform.cstatic-images.com/xlarge/in/v2/b6a61451-db99-5688-8388-ea458abd1335/65a179dd-151d-4c06-8b47-9c4848605f9e/g7Kb9aFp1UBwuXCSEyt5bDLAlKw.jpg,2023-05-01T08:01:33.000Z,cars.com scrapper,2023-05-03T22:26:45.376Z
P7075376A,12,https://platform.cstatic-images.com/xlarge/in/v2/b6a61451-db99-5688-8388-ea458abd1335/65a179dd-151d-4c06-8b47-9c4848605f9e/3SlmFZ5eFhubCATdvolJZw6vUlE.jpg,2023-05-01T08:01:33.000Z,cars.com scrapper,2023-05-03T22:26:45.376Z
838695,0,https://platform.cstatic-images.com/xlarge/in/v2/cf5c64d0-b52c-56ed-b0e6-5c0c965d65db/4088de84-41f4-405e-9320-eded1b026f3a/PTBoFhHi9orYv5nUQCBUwFJusLo.jpg,2023-05-01T08:05:00.000Z,cars.com scrapper,2023-05-03T22:26:45.376Z
838695,1,https://platform.cstatic-images.com/xlarge/in/v2/cf5c64d0-b52c-56ed-b0e6-5c0c965d65db/4088de84-41f4-405e-9320-eded1b026f3a/Xfi6W2STUozHiOoISVLx92PL_6Y.jpg,2023-05-01T08:05:00.000Z,cars.com scrapper,2023-05-03T22:26:45.376Z
838695,2,https://platform.cstatic-images.com/xlarge/in/v2/cf5c64d0-b52c-56ed-b0e6-5c0c965d65db/4088de84-41f4-405e-9320-eded1b026f3a/l6xYnXNn07-ZVlwio0BYcl_fqpg.jpg,2023-05-01T08:05:00.000Z,cars.com scrapper,2023-05-03T22:26:45.376Z
838695,3,https://platform.cstatic-images.com/xlarge/in/v2/cf5c64d0-b52c-56ed-b0e6-5c0c965d65db/4088de84-41f4-405e-9320-eded1b026f3a/WaQdrMniFhtCu1KNmGZY4FZ4u0w.jpg,2023-05-01T08:05:00.000Z,cars.com scrapper,2023-05-03T22:26:45.376Z
838695,4,https://platform.cstatic-images.com/xlarge/in/v2/cf5c64d0-b52c-56ed-b0e6-5c0c965d65db/4088de84-41f4-405e-9320-eded1b026f3a/_fWSBGJMezHadQbysiLSLwglRQo.jpg,2023-05-01T08:05:00.000Z,cars.com scrapper,2023-05-03T22:26:45.376Z
838695,5,https://platform.cstatic-images.com/xlarge/in/v2/cf5c64d0-b52c-56ed-b0e6-5c0c965d65db/4088de84-41f4-405e-9320-eded1b026f3a/JEAJDYEoprtgRhlEsHMqM7StL2M.jpg,2023-05-01T08:05:00.000Z,cars.com scrapper,2023-05-03T22:26:45.376Z
838695,6,https://platform.cstatic-images.com/xlarge/in/v2/cf5c64d0-b52c-56ed-b0e6-5c0c965d65db/4088de84-41f4-405e-9320-eded1b026f3a/Qnuql4RF_P7c3RafQ6iLsjKu_b0.jpg,2023-05-01T08:05:00.000Z,cars.com scrapper,2023-05-03T22:26:45.376Z
838695,7,https://platform.cstatic-images.com/xlarge/in/v2/cf5c64d0-b52c-56ed-b0e6-5c0c965d65db/4088de84-41f4-405e-9320-eded1b026f3a/g0SIzR1M42QjxIEqtfEFtHJ0nyc.jpg,2023-05-01T08:05:00.000Z,cars.com scrapper,2023-05-03T22:26:45.376Z
838695,8,https://platform.cstatic-images.com/xlarge/in/v2/cf5c64d0-b52c-56ed-b0e6-5c0c965d65db/4088de84-41f4-405e-9320-eded1b026f3a/XGSt_Lgf1MUKRehhjhmmG_ma7P0.jpg,2023-05-01T08:05:00.000Z,cars.com scrapper,2023-05-03T22:26:45.376Z
838695,9,https://platform.cstatic-images.com/xlarge/in/v2/cf5c64d0-b52c-56ed-b0e6-5c0c965d65db/4088de84-41f4-405e-9320-eded1b026f3a/k2G_aaPmBcpFMScgN4sbOWcgNeQ.jpg,2023-05-01T08:05:00.000Z,cars.com scrapper,2023-05-03T22:26:45.376Z
838695,10,https://platform.cstatic-images.com/xlarge/in/v2/cf5c64d0-b52c-56ed-b0e6-5c0c965d65db/4088de84-41f4-405e-9320-eded1b026f3a/nIaWsSiGkVP_RQ9gyueFYktEahU.jpg,2023-05-01T08:05:00.000Z,cars.com scrapper,2023-05-03T22:26:45.376Z
838695,11,https://platform.cstatic-images.com/xlarge/in/v2/cf5c64d0-b52c-56ed-b0e6-5c0c965d65db/4088de84-41f4-405e-9320-eded1b026f3a/noPY9o8-Pysw-SJE3uI4NY90LrM.jpg,2023-05-01T08:05:00.000Z,cars.com scrapper,2023-05-03T22:26:45.376Z
838695,12,https://platform.cstatic-images.com/xlarge/in/v2/cf5c64d0-b52c-56ed-b0e6-5c0c965d65db/4088de84-41f4-405e-9320-eded1b026f3a/XXuW4VW-0jakmz3S3qXxtFUX5_w.jpg,2023-05-01T08:05:00.000Z,cars.com scrapper,2023-05-03T22:26:45.376Z
838695,13,https://platform.cstatic-images.com/xlarge/in/v2/cf5c64d0-b52c-56ed-b0e6-5c0c965d65db/4088de84-41f4-405e-9320-eded1b026f3a/L6HKbvzJfcgx53wuqUbJmY854yM.jpg,2023-05-01T08:05:00.000Z,cars.com scrapper,2023-05-03T22:26:45.376Z
838695,14,https://platform.cstatic-images.com/xlarge/in/v2/cf5c64d0-b52c-56ed-b0e6-5c0c965d65db/4088de84-41f4-405e-9320-eded1b026f3a/SmRBMcOl55A_zG33POPaLCss9Tc.jpg,2023-05-01T08:05:00.000Z,cars.com scrapper,2023-05-03T22:26:45.376Z
838695,15,https://platform.cstatic-images.com/xlarge/in/v2/cf5c64d0-b52c-56ed-b0e6-5c0c965d65db/4088de84-41f4-405e-9320-eded1b026f3a/Oj-lTkGIq4SpdYjn-HHWxEybfvs.jpg,2023-05-01T08:05:00.000Z,cars.com scrapper,2023-05-03T22:26:45.376Z
838695,16,https://platform.cstatic-images.com/xlarge/in/v2/cf5c64d0-b52c-56ed-b0e6-5c0c965d65db/4088de84-41f4-405e-9320-eded1b026f3a/DQux8fXuzknJVR3RFryqSp_7G5U.jpg,2023-05-01T08:05:00.000Z,cars.com scrapper,2023-05-03T22:26:45.376Z
838695,17,https://platform.cstatic-images.com/xlarge/in/v2/cf5c64d0-b52c-56ed-b0e6-5c0c965d65db/4088de84-41f4-405e-9320-eded1b026f3a/T-vOZip-DNF8UI2DeiE8hLOdS8Y.jpg,2023-05-01T08:05:00.000Z,cars.com scrapper,2023-05-03T22:26:45.376Z
838695,18,https://platform.cstatic-images.com/xlarge/in/v2/cf5c64d0-b52c-56ed-b0e6-5c0c965d65db/4088de84-41f4-405e-9320-eded1b026f3a/-s25rxUhYzeXMqD6sDerEYl21a4.jpg,2023-05-01T08:05:00.000Z,cars.com scrapper,2023-05-03T22:26:45.376Z
838695,19,https://platform.cstatic-images.com/xlarge/in/v2/cf5c64d0-b52c-56ed-b0e6-5c0c965d65db/4088de84-41f4-405e-9320-eded1b026f3a/GdNgjcJsIVyoZiYWZkiKZpsd0Jw.jpg,2023-05-01T08:05:00.000Z,cars.com scrapper,2023-05-03T22:26:45.376Z
838695,20,https://platform.cstatic-images.com/xlarge/in/v2/cf5c64d0-b52c-56ed-b0e6-5c0c965d65db/4088de84-41f4-405e-9320-eded1b026f3a/sksE9QHNVovjCfFzSBjy3JV0-ks.jpg,2023-05-01T08:05:00.000Z,cars.com scrapper,2023-05-03T22:26:45.376Z
838695,21,https://platform.cstatic-images.com/xlarge/in/v2/cf5c64d0-b52c-56ed-b0e6-5c0c965d65db/4088de84-41f4-405e-9320-eded1b026f3a/l08FayScRMGGePqtYl0roQKGe3Q.jpg,2023-05-01T08:05:00.000Z,cars.com scrapper,2023-05-03T22:26:45.376Z
702073A,0,https://platform.cstatic-images.com/xlarge/in/v2/4952f2fb-8392-50c4-8db3-d3f8059e7b62/f86bfa0c-5677-4179-b00a-bcf1ebf1ef4d/NG6QNETa5laaMiSNJGplnJ_nR-Y.jpg,2023-05-01T08:02:52.000Z,cars.com scrapper,2023-05-03T22:26:45.376Z
702073A,1,https://platform.cstatic-images.com/xlarge/in/v2/4952f2fb-8392-50c4-8db3-d3f8059e7b62/f86bfa0c-5677-4179-b00a-bcf1ebf1ef4d/i88rzK0BC4ViX_V8NzKTBs48_F0.jpg,2023-05-01T08:02:52.000Z,cars.com scrapper,2023-05-03T22:26:45.376Z
702073A,2,https://platform.cstatic-images.com/xlarge/in/v2/4952f2fb-8392-50c4-8db3-d3f8059e7b62/f86bfa0c-5677-4179-b00a-bcf1ebf1ef4d/l3AcGvAIHERRQ5M3IL-N96eLk2k.jpg,2023-05-01T08:02:52.000Z,cars.com scrapper,2023-05-03T22:26:45.376Z
702073A,3,https://platform.cstatic-images.com/xlarge/in/v2/4952f2fb-8392-50c4-8db3-d3f8059e7b62/f86bfa0c-5677-4179-b00a-bcf1ebf1ef4d/NNqAiUKKXiwk6t3Ej-ZQOgrV49Y.jpg,2023-05-01T08:02:52.000Z,cars.com scrapper,2023-05-03T22:26:45.376Z
702073A,4,https://platform.cstatic-images.com/xlarge/in/v2/4952f2fb-8392-50c4-8db3-d3f8059e7b62/f86bfa0c-5677-4179-b00a-bcf1ebf1ef4d/A7jnZcjQN4DnBeDBtRkMo7aJJHo.jpg,2023-05-01T08:02:52.000Z,cars.com scrapper,2023-05-03T22:26:45.376Z
702073A,5,https://platform.cstatic-images.com/xlarge/in/v2/4952f2fb-8392-50c4-8db3-d3f8059e7b62/f86bfa0c-5677-4179-b00a-bcf1ebf1ef4d/jTQswQ4x1oYxNayuUDdWm4dKiWY.jpg,2023-05-01T08:02:52.000Z,cars.com scrapper,2023-05-03T22:26:45.376Z
702073A,6,https://platform.cstatic-images.com/xlarge/in/v2/4952f2fb-8392-50c4-8db3-d3f8059e7b62/f86bfa0c-5677-4179-b00a-bcf1ebf1ef4d/7y3e5LW6d-GVz2eZ-e33sRFMENc.jpg,2023-05-01T08:02:52.000Z,cars.com scrapper,2023-05-03T22:26:45.376Z
702073A,7,https://platform.cstatic-images.com/xlarge/in/v2/4952f2fb-8392-50c4-8db3-d3f8059e7b62/f86bfa0c-5677-4179-b00a-bcf1ebf1ef4d/JYLpdaZwpqonvtItsccddiK6faI.jpg,2023-05-01T08:02:52.000Z,cars.com scrapper,2023-05-03T22:26:45.376Z
702073A,8,https://platform.cstatic-images.com/xlarge/in/v2/4952f2fb-8392-50c4-8db3-d3f8059e7b62/f86bfa0c-5677-4179-b00a-bcf1ebf1ef4d/Pp2gUTOdAclmQoBWekN9yBbRsts.jpg,2023-05-01T08:02:52.000Z,cars.com scrapper,2023-05-03T22:26:45.376Z
702073A,9,https://platform.cstatic-images.com/xlarge/in/v2/4952f2fb-8392-50c4-8db3-d3f8059e7b62/f86bfa0c-5677-4179-b00a-bcf1ebf1ef4d/nq8R2VvBgx6HUJY6NOM9T2PDdvY.jpg,2023-05-01T08:02:52.000Z,cars.com scrapper,2023-05-03T22:26:45.376Z
702073A,10,https://platform.cstatic-images.com/xlarge/in/v2/4952f2fb-8392-50c4-8db3-d3f8059e7b62/f86bfa0c-5677-4179-b00a-bcf1ebf1ef4d/EZbqR1pwtKAUEadHJBfQYkofj_4.jpg,2023-05-01T08:02:52.000Z,cars.com scrapper,2023-05-03T22:26:45.376Z
702073A,11,https://platform.cstatic-images.com/xlarge/in/v2/4952f2fb-8392-50c4-8db3-d3f8059e7b62/f86bfa0c-5677-4179-b00a-bcf1ebf1ef4d/fZyQg_iv2nBAswQsbFEG_qaouPM.jpg,2023-05-01T08:02:52.000Z,cars.com scrapper,2023-05-03T22:26:45.376Z
D534913,0,https://platform.cstatic-images.com/xlarge/in/v2/885e23a6-af9c-544c-918c-38d16bf71fb1/89fca2b0-d25a-409b-81ff-89d6fa4fd0af/Kc8dsg0MfEsGeGStdC-0SX_y6CA.jpg,2023-05-01T08:01:43.000Z,cars.com scrapper,2023-05-03T22:26:45.376Z
D534913,1,https://platform.cstatic-images.com/xlarge/in/v2/885e23a6-af9c-544c-918c-38d16bf71fb1/89fca2b0-d25a-409b-81ff-89d6fa4fd0af/EylEiMuXwdzXSHCYA2zih0Lnrso.jpg,2023-05-01T08:01:43.000Z,cars.com scrapper,2023-05-03T22:26:45.376Z
D534913,2,https://platform.cstatic-images.com/xlarge/in/v2/885e23a6-af9c-544c-918c-38d16bf71fb1/89fca2b0-d25a-409b-81ff-89d6fa4fd0af/knd5jWB8BeQ0CZxRFv5FhgHjFuU.jpg,2023-05-01T08:01:43.000Z,cars.com scrapper,2023-05-03T22:26:45.376Z
D534913,3,https://platform.cstatic-images.com/xlarge/in/v2/885e23a6-af9c-544c-918c-38d16bf71fb1/89fca2b0-d25a-409b-81ff-89d6fa4fd0af/gGDFXEiCcl7iI79wX0JNicTkePQ.jpg,2023-05-01T08:01:43.000Z,cars.com scrapper,2023-05-03T22:26:45.376Z
D534913,4,https://platform.cstatic-images.com/xlarge/in/v2/885e23a6-af9c-544c-918c-38d16bf71fb1/89fca2b0-d25a-409b-81ff-89d6fa4fd0af/i49K04V7gNapYj27OimzxR3niwM.jpg,2023-05-01T08:01:43.000Z,cars.com scrapper,2023-05-03T22:26:45.376Z
D534913,5,https://platform.cstatic-images.com/xlarge/in/v2/885e23a6-af9c-544c-918c-38d16bf71fb1/89fca2b0-d25a-409b-81ff-89d6fa4fd0af/gPpIJNyVnQpht_R0hdsTVY-StT8.jpg,2023-05-01T08:01:43.000Z,cars.com scrapper,2023-05-03T22:26:45.376Z
D534913,6,https://platform.cstatic-images.com/xlarge/in/v2/885e23a6-af9c-544c-918c-38d16bf71fb1/89fca2b0-d25a-409b-81ff-89d6fa4fd0af/EbOYqma7PmPfCChr3LZKRc7YFzs.jpg,2023-05-01T08:01:43.000Z,cars.com scrapper,2023-05-03T22:26:45.376Z
D534913,7,https://platform.cstatic-images.com/xlarge/in/v2/885e23a6-af9c-544c-918c-38d16bf71fb1/89fca2b0-d25a-409b-81ff-89d6fa4fd0af/iiN4b7o1pHDjG6_7Yh2nNewSxks.jpg,2023-05-01T08:01:43.000Z,cars.com scrapper,2023-05-03T22:26:45.376Z
D534913,8,https://platform.cstatic-images.com/xlarge/in/v2/885e23a6-af9c-544c-918c-38d16bf71fb1/89fca2b0-d25a-409b-81ff-89d6fa4fd0af/uxmz4AFYrT2oGp_bSDXR93fi8Ds.jpg,2023-05-01T08:01:43.000Z,cars.com scrapper,2023-05-03T22:26:45.376Z
D534913,9,https://platform.cstatic-images.com/xlarge/in/v2/885e23a6-af9c-544c-918c-38d16bf71fb1/89fca2b0-d25a-409b-81ff-89d6fa4fd0af/7fqgZcMvCckmD14x4_hDc9z0GZs.jpg,2023-05-01T08:01:43.000Z,cars.com scrapper,2023-05-03T22:26:45.376Z
D534913,10,https://platform.cstatic-images.com/xlarge/in/v2/885e23a6-af9c-544c-918c-38d16bf71fb1/89fca2b0-d25a-409b-81ff-89d6fa4fd0af/qwsK0DlDcWP-Y3fT_bkfChyEaAo.jpg,2023-05-01T08:01:43.000Z,cars.com scrapper,2023-05-03T22:26:45.376Z
D534913,11,https://platform.cstatic-images.com/xlarge/in/v2/885e23a6-af9c-544c-918c-38d16bf71fb1/89fca2b0-d25a-409b-81ff-89d6fa4fd0af/v9tyw9sz_bapRzy-sJW8i4pleXk.jpg,2023-05-01T08:01:43.000Z,cars.com scrapper,2023-05-03T22:26:45.376Z
D534913,12,https://platform.cstatic-images.com/xlarge/in/v2/885e23a6-af9c-544c-918c-38d16bf71fb1/89fca2b0-d25a-409b-81ff-89d6fa4fd0af/YO6zFqKIVkZF4ymATflyP6AuqKw.jpg,2023-05-01T08:01:43.000Z,cars.com scrapper,2023-05-03T22:26:45.376Z
D534913,13,https://platform.cstatic-images.com/xlarge/in/v2/885e23a6-af9c-544c-918c-38d16bf71fb1/89fca2b0-d25a-409b-81ff-89d6fa4fd0af/_0My6O22kX6fWlqQ4wL8tx1ZhpM.jpg,2023-05-01T08:01:43.000Z,cars.com scrapper,2023-05-03T22:26:45.376Z
D534913,14,https://platform.cstatic-images.com/xlarge/in/v2/885e23a6-af9c-544c-918c-38d16bf71fb1/89fca2b0-d25a-409b-81ff-89d6fa4fd0af/5TB2NFgHW7H0RVuK-E725_Z-Cyk.jpg,2023-05-01T08:01:43.000Z,cars.com scrapper,2023-05-03T22:26:45.376Z
D534913,15,https://platform.cstatic-images.com/xlarge/in/v2/885e23a6-af9c-544c-918c-38d16bf71fb1/89fca2b0-d25a-409b-81ff-89d6fa4fd0af/rQBBZjZ8sar7k-xEGrx-HvYk4SI.jpg,2023-05-01T08:01:43.000Z,cars.com scrapper,2023-05-03T22:26:45.376Z
D534913,16,https://platform.cstatic-images.com/xlarge/in/v2/885e23a6-af9c-544c-918c-38d16bf71fb1/89fca2b0-d25a-409b-81ff-89d6fa4fd0af/QewI5IphEzM5P6i4u9sLNfflHyA.jpg,2023-05-01T08:01:43.000Z,cars.com scrapper,2023-05-03T22:26:45.376Z
D534913,17,https://platform.cstatic-images.com/xlarge/in/v2/885e23a6-af9c-544c-918c-38d16bf71fb1/89fca2b0-d25a-409b-81ff-89d6fa4fd0af/70CFM1Gtx4Mf-eKkkFvD9v6XJlE.jpg,2023-05-01T08:01:43.000Z,cars.com scrapper,2023-05-03T22:26:45.376Z
D534913,18,https://platform.cstatic-images.com/xlarge/in/v2/885e23a6-af9c-544c-918c-38d16bf71fb1/89fca2b0-d25a-409b-81ff-89d6fa4fd0af/sERoNQSMAmxz3C9qKTPZ34eMBR4.jpg,2023-05-01T08:01:43.000Z,cars.com scrapper,2023-05-03T22:26:45.376Z
D534913,19,https://platform.cstatic-images.com/xlarge/in/v2/885e23a6-af9c-544c-918c-38d16bf71fb1/89fca2b0-d25a-409b-81ff-89d6fa4fd0af/_Capg43YXDxW9_5kbhN-NHznFFM.jpg,2023-05-01T08:01:43.000Z,cars.com scrapper,2023-05-03T22:26:45.376Z
146938,0,https://platform.cstatic-images.com/xlarge/in/v2/ae29ea26-3981-520b-bdb4-be1839d5facc/4eb5fce7-b527-4fe2-9895-0748beb20504/hY7dE69LCbPgPonUxNLR1h0eV4A.jpg,2023-05-01T08:06:07.000Z,cars.com scrapper,2023-05-03T22:26:45.376Z
146938,1,https://platform.cstatic-images.com/xlarge/in/v2/ae29ea26-3981-520b-bdb4-be1839d5facc/4eb5fce7-b527-4fe2-9895-0748beb20504/2mHNwu_Ewu3KVQ7Gt7yjNR_ipK4.jpg,2023-05-01T08:06:07.000Z,cars.com scrapper,2023-05-03T22:26:45.376Z
146938,2,https://platform.cstatic-images.com/xlarge/in/v2/ae29ea26-3981-520b-bdb4-be1839d5facc/4eb5fce7-b527-4fe2-9895-0748beb20504/zQs3OHWvkL1x3C_58q9F6QecSbo.jpg,2023-05-01T08:06:07.000Z,cars.com scrapper,2023-05-03T22:26:45.376Z
146938,3,https://platform.cstatic-images.com/xlarge/in/v2/ae29ea26-3981-520b-bdb4-be1839d5facc/4eb5fce7-b527-4fe2-9895-0748beb20504/kuHcj0K2jlg2tAaWUfD5rqCqN-Q.jpg,2023-05-01T08:06:07.000Z,cars.com scrapper,2023-05-03T22:26:45.376Z
146938,4,https://platform.cstatic-images.com/xlarge/in/v2/ae29ea26-3981-520b-bdb4-be1839d5facc/4eb5fce7-b527-4fe2-9895-0748beb20504/5k8KS8_YQuK4gO0FnJox7BSzEso.jpg,2023-05-01T08:06:07.000Z,cars.com scrapper,2023-05-03T22:26:45.376Z
146938,5,https://platform.cstatic-images.com/xlarge/in/v2/ae29ea26-3981-520b-bdb4-be1839d5facc/4eb5fce7-b527-4fe2-9895-0748beb20504/F2fQ2hrZvLFCnuvSHHqEKfa61_Y.jpg,2023-05-01T08:06:07.000Z,cars.com scrapper,2023-05-03T22:26:45.376Z
146938,6,https://platform.cstatic-images.com/xlarge/in/v2/ae29ea26-3981-520b-bdb4-be1839d5facc/4eb5fce7-b527-4fe2-9895-0748beb20504/ndCn8JDM_JC9kHKUEygcz5TF32M.jpg,2023-05-01T08:06:07.000Z,cars.com scrapper,2023-05-03T22:26:45.376Z
146938,7,https://platform.cstatic-images.com/xlarge/in/v2/ae29ea26-3981-520b-bdb4-be1839d5facc/4eb5fce7-b527-4fe2-9895-0748beb20504/hndqblOPEquE6DoBEcQHRitoM_o.jpg,2023-05-01T08:06:07.000Z,cars.com scrapper,2023-05-03T22:26:45.376Z
146938,8,https://platform.cstatic-images.com/xlarge/in/v2/ae29ea26-3981-520b-bdb4-be1839d5facc/4eb5fce7-b527-4fe2-9895-0748beb20504/7C9VPLNPYHEtestMS5D6kiGC7EU.jpg,2023-05-01T08:06:07.000Z,cars.com scrapper,2023-05-03T22:26:45.376Z
146938,9,https://platform.cstatic-images.com/xlarge/in/v2/ae29ea26-3981-520b-bdb4-be1839d5facc/4eb5fce7-b527-4fe2-9895-0748beb20504/ZCWp6iuNt9sQeWiIPilF-5CXN-k.jpg,2023-05-01T08:06:07.000Z,cars.com scrapper,2023-05-03T22:26:45.376Z
146938,10,https://platform.cstatic-images.com/xlarge/in/v2/ae29ea26-3981-520b-bdb4-be1839d5facc/4eb5fce7-b527-4fe2-9895-0748beb20504/-mCTJZ_8wc7kH3K6J9kpfO6rGwE.jpg,2023-05-01T08:06:07.000Z,cars.com scrapper,2023-05-03T22:26:45.376Z
146938,11,https://platform.cstatic-images.com/xlarge/in/v2/ae29ea26-3981-520b-bdb4-be1839d5facc/4eb5fce7-b527-4fe2-9895-0748beb20504/BgPbbKYfzZDKUxhO8l1hg1N_w38.jpg,2023-05-01T08:06:07.000Z,cars.com scrapper,2023-05-03T22:26:45.376Z
146938,12,https://platform.cstatic-images.com/xlarge/in/v2/ae29ea26-3981-520b-bdb4-be1839d5facc/4eb5fce7-b527-4fe2-9895-0748beb20504/8jTVTHFXAOJz6L-vNqFqmjXVVYM.jpg,2023-05-01T08:06:07.000Z,cars.com scrapper,2023-05-03T22:26:45.376Z
146938,13,https://platform.cstatic-images.com/xlarge/in/v2/ae29ea26-3981-520b-bdb4-be1839d5facc/4eb5fce7-b527-4fe2-9895-0748beb20504/_omVHfTfHgT53SSHgRp-UunSh6Y.jpg,2023-05-01T08:06:07.000Z,cars.com scrapper,2023-05-03T22:26:45.376Z
146938,14,https://platform.cstatic-images.com/xlarge/in/v2/ae29ea26-3981-520b-bdb4-be1839d5facc/4eb5fce7-b527-4fe2-9895-0748beb20504/437AZO2hDVtxXzCXUpbqqQpp7ug.jpg,2023-05-01T08:06:07.000Z,cars.com scrapper,2023-05-03T22:26:45.376Z
146938,15,https://platform.cstatic-images.com/xlarge/in/v2/ae29ea26-3981-520b-bdb4-be1839d5facc/4eb5fce7-b527-4fe2-9895-0748beb20504/0lrEB0NoO5XZLraQVWX4tF8sLBk.jpg,2023-05-01T08:06:07.000Z,cars.com scrapper,2023-05-03T22:26:45.376Z
146938,16,https://platform.cstatic-images.com/xlarge/in/v2/ae29ea26-3981-520b-bdb4-be1839d5facc/4eb5fce7-b527-4fe2-9895-0748beb20504/kfkD5gAMZGzDmdTYxGf2TM9JOpo.jpg,2023-05-01T08:06:07.000Z,cars.com scrapper,2023-05-03T22:26:45.376Z
146938,17,https://platform.cstatic-images.com/xlarge/in/v2/ae29ea26-3981-520b-bdb4-be1839d5facc/4eb5fce7-b527-4fe2-9895-0748beb20504/klLXSx2ZudAmLfBLquC55vlpUA4.jpg,2023-05-01T08:06:07.000Z,cars.com scrapper,2023-05-03T22:26:45.376Z
146938,18,https://platform.cstatic-images.com/xlarge/in/v2/ae29ea26-3981-520b-bdb4-be1839d5facc/4eb5fce7-b527-4fe2-9895-0748beb20504/g8imOSTVtz3-GLBb-CSrBVjy0C8.jpg,2023-05-01T08:06:07.000Z,cars.com scrapper,2023-05-03T22:26:45.376Z
146938,19,https://platform.cstatic-images.com/xlarge/in/v2/ae29ea26-3981-520b-bdb4-be1839d5facc/4eb5fce7-b527-4fe2-9895-0748beb20504/1xa6cP3N9FIoYjitsaYPlZ1Pc44.jpg,2023-05-01T08:06:07.000Z,cars.com scrapper,2023-05-03T22:26:45.376Z
146938,20,https://platform.cstatic-images.com/xlarge/in/v2/ae29ea26-3981-520b-bdb4-be1839d5facc/4eb5fce7-b527-4fe2-9895-0748beb20504/sr3uAJ_gjWd34gvJadvTqz9HdJg.jpg,2023-05-01T08:06:07.000Z,cars.com scrapper,2023-05-03T22:26:45.376Z
146938,21,https://platform.cstatic-images.com/xlarge/in/v2/ae29ea26-3981-520b-bdb4-be1839d5facc/4eb5fce7-b527-4fe2-9895-0748beb20504/TprdUNr4mvzevSyxdx9D1oWHI8o.jpg,2023-05-01T08:06:07.000Z,cars.com scrapper,2023-05-03T22:26:45.376Z
146938,22,https://platform.cstatic-images.com/xlarge/in/v2/ae29ea26-3981-520b-bdb4-be1839d5facc/4eb5fce7-b527-4fe2-9895-0748beb20504/gDfxNJRpQrL3bx2wfJjCLliuxWc.jpg,2023-05-01T08:06:07.000Z,cars.com scrapper,2023-05-03T22:26:45.376Z
F00396,0,https://platform.cstatic-images.com/xlarge/in/v2/cf5c64d0-b52c-56ed-b0e6-5c0c965d65db/d6c495b2-e3a2-452d-9573-a0f4dc8c0cd3/FVLEqnYfcxcvTirVjIYE5_6-wRo.jpg,2023-05-01T08:01:15.000Z,cars.com scrapper,2023-05-03T22:26:45.376Z
F00396,1,https://platform.cstatic-images.com/xlarge/in/v2/cf5c64d0-b52c-56ed-b0e6-5c0c965d65db/d6c495b2-e3a2-452d-9573-a0f4dc8c0cd3/MZmd3Ntd8ukqL6Vi7KcAa-8DehM.jpg,2023-05-01T08:01:15.000Z,cars.com scrapper,2023-05-03T22:26:45.376Z
F00396,2,https://platform.cstatic-images.com/xlarge/in/v2/cf5c64d0-b52c-56ed-b0e6-5c0c965d65db/d6c495b2-e3a2-452d-9573-a0f4dc8c0cd3/KTkgekwSiUqiUhswqRfRRFaLG38.jpg,2023-05-01T08:01:15.000Z,cars.com scrapper,2023-05-03T22:26:45.376Z
F00396,3,https://platform.cstatic-images.com/xlarge/in/v2/cf5c64d0-b52c-56ed-b0e6-5c0c965d65db/d6c495b2-e3a2-452d-9573-a0f4dc8c0cd3/1bphxqHTvL4ZTSzzquOjOvoVCts.jpg,2023-05-01T08:01:15.000Z,cars.com scrapper,2023-05-03T22:26:45.376Z
F00396,4,https://platform.cstatic-images.com/xlarge/in/v2/cf5c64d0-b52c-56ed-b0e6-5c0c965d65db/d6c495b2-e3a2-452d-9573-a0f4dc8c0cd3/BDA6oa9vnKZtwJtsdGfMf_DxJP8.jpg,2023-05-01T08:01:15.000Z,cars.com scrapper,2023-05-03T22:26:45.376Z
F00396,5,https://platform.cstatic-images.com/xlarge/in/v2/cf5c64d0-b52c-56ed-b0e6-5c0c965d65db/d6c495b2-e3a2-452d-9573-a0f4dc8c0cd3/q61iMSo13AsQkpLgu2eyxlEbI24.jpg,2023-05-01T08:01:15.000Z,cars.com scrapper,2023-05-03T22:26:45.376Z
F00396,6,https://platform.cstatic-images.com/xlarge/in/v2/cf5c64d0-b52c-56ed-b0e6-5c0c965d65db/d6c495b2-e3a2-452d-9573-a0f4dc8c0cd3/rM4pULJ4CyuWiBOGk-2QR-bA10s.jpg,2023-05-01T08:01:15.000Z,cars.com scrapper,2023-05-03T22:26:45.376Z
F00396,7,https://platform.cstatic-images.com/xlarge/in/v2/cf5c64d0-b52c-56ed-b0e6-5c0c965d65db/d6c495b2-e3a2-452d-9573-a0f4dc8c0cd3/d7OT9ZrzxGGTRchSylyXmOSMO_w.jpg,2023-05-01T08:01:15.000Z,cars.com scrapper,2023-05-03T22:26:45.376Z
F00396,8,https://platform.cstatic-images.com/xlarge/in/v2/cf5c64d0-b52c-56ed-b0e6-5c0c965d65db/d6c495b2-e3a2-452d-9573-a0f4dc8c0cd3/7JmM06OybdN8ea8bEfgodAhiDDs.jpg,2023-05-01T08:01:15.000Z,cars.com scrapper,2023-05-03T22:26:45.376Z
F00396,9,https://platform.cstatic-images.com/xlarge/in/v2/cf5c64d0-b52c-56ed-b0e6-5c0c965d65db/d6c495b2-e3a2-452d-9573-a0f4dc8c0cd3/EnzVXElarYofy9VDh5lzRtVMGi8.jpg,2023-05-01T08:01:15.000Z,cars.com scrapper,2023-05-03T22:26:45.376Z
F00396,10,https://platform.cstatic-images.com/xlarge/in/v2/cf5c64d0-b52c-56ed-b0e6-5c0c965d65db/d6c495b2-e3a2-452d-9573-a0f4dc8c0cd3/uqU_EmnYIVmRuPGfbzVRzLQfotc.jpg,2023-05-01T08:01:15.000Z,cars.com scrapper,2023-05-03T22:26:45.376Z
F00396,11,https://platform.cstatic-images.com/xlarge/in/v2/cf5c64d0-b52c-56ed-b0e6-5c0c965d65db/d6c495b2-e3a2-452d-9573-a0f4dc8c0cd3/oWbcP6pl8VJvfphx_gFGYyQLvfs.jpg,2023-05-01T08:01:15.000Z,cars.com scrapper,2023-05-03T22:26:45.376Z
F00396,12,https://platform.cstatic-images.com/xlarge/in/v2/cf5c64d0-b52c-56ed-b0e6-5c0c965d65db/d6c495b2-e3a2-452d-9573-a0f4dc8c0cd3/b8zGeDSfYQ9tR0s9kcjFzuwkmj8.jpg,2023-05-01T08:01:15.000Z,cars.com scrapper,2023-05-03T22:26:45.376Z
F00396,13,https://platform.cstatic-images.com/xlarge/in/v2/cf5c64d0-b52c-56ed-b0e6-5c0c965d65db/d6c495b2-e3a2-452d-9573-a0f4dc8c0cd3/09KKYb_lmwLXK20CdpX-UubJQZ8.jpg,2023-05-01T08:01:15.000Z,cars.com scrapper,2023-05-03T22:26:45.376Z
F00396,14,https://platform.cstatic-images.com/xlarge/in/v2/cf5c64d0-b52c-56ed-b0e6-5c0c965d65db/d6c495b2-e3a2-452d-9573-a0f4dc8c0cd3/RFFhS7y-8PkTbd_V9XL8JPqNe9w.jpg,2023-05-01T08:01:15.000Z,cars.com scrapper,2023-05-03T22:26:45.376Z
F00396,15,https://platform.cstatic-images.com/xlarge/in/v2/cf5c64d0-b52c-56ed-b0e6-5c0c965d65db/d6c495b2-e3a2-452d-9573-a0f4dc8c0cd3/Ckr7KPH-6zFXiBlKq_l-vZRK8ws.jpg,2023-05-01T08:01:15.000Z,cars.com scrapper,2023-05-03T22:26:45.376Z
F00396,16,https://platform.cstatic-images.com/xlarge/in/v2/cf5c64d0-b52c-56ed-b0e6-5c0c965d65db/d6c495b2-e3a2-452d-9573-a0f4dc8c0cd3/AVp7nCtjc2CF7pUVwPStFzZb5P4.jpg,2023-05-01T08:01:15.000Z,cars.com scrapper,2023-05-03T22:26:45.376Z
F00396,17,https://platform.cstatic-images.com/xlarge/in/v2/cf5c64d0-b52c-56ed-b0e6-5c0c965d65db/d6c495b2-e3a2-452d-9573-a0f4dc8c0cd3/wa1Y0vzskNcYF3zcB2crqvYc1_4.jpg,2023-05-01T08:01:15.000Z,cars.com scrapper,2023-05-03T22:26:45.376Z
F00396,18,https://platform.cstatic-images.com/xlarge/in/v2/cf5c64d0-b52c-56ed-b0e6-5c0c965d65db/d6c495b2-e3a2-452d-9573-a0f4dc8c0cd3/UcLxmjRyBV6Ls-tKkVV9a9oQuxA.jpg,2023-05-01T08:01:15.000Z,cars.com scrapper,2023-05-03T22:26:45.376Z
F00396,19,https://platform.cstatic-images.com/xlarge/in/v2/cf5c64d0-b52c-56ed-b0e6-5c0c965d65db/d6c495b2-e3a2-452d-9573-a0f4dc8c0cd3/oNy9dN295uENlBXLOSOCYj1c6OY.jpg,2023-05-01T08:01:15.000Z,cars.com scrapper,2023-05-03T22:26:45.376Z
F00396,20,https://platform.cstatic-images.com/xlarge/in/v2/cf5c64d0-b52c-56ed-b0e6-5c0c965d65db/d6c495b2-e3a2-452d-9573-a0f4dc8c0cd3/B1VDLy2vEn9JLsn_q5DrtNgAql4.jpg,2023-05-01T08:01:15.000Z,cars.com scrapper,2023-05-03T22:26:45.376Z
F00396,21,https://platform.cstatic-images.com/xlarge/in/v2/cf5c64d0-b52c-56ed-b0e6-5c0c965d65db/d6c495b2-e3a2-452d-9573-a0f4dc8c0cd3/u2zH95s83I-lbsQXajwPvxWfNio.jpg,2023-05-01T08:01:15.000Z,cars.com scrapper,2023-05-03T22:26:45.376Z
11451,0,https://platform.cstatic-images.com/xlarge/in/v2/75b008d7-0189-5a94-9a1a-6a032aef86a4/f1d7f4b9-215c-4274-ab20-6e1b6958d897/gd5Xm2-A-ysWd8TYLyWd3oGJWIg.jpg,2023-05-01T08:03:21.000Z,cars.com scrapper,2023-05-03T22:26:45.376Z
11451,1,https://platform.cstatic-images.com/xlarge/in/v2/75b008d7-0189-5a94-9a1a-6a032aef86a4/f1d7f4b9-215c-4274-ab20-6e1b6958d897/scqFYlW5ARkeD7fszO8iR-Blyqc.jpg,2023-05-01T08:03:21.000Z,cars.com scrapper,2023-05-03T22:26:45.376Z
11451,2,https://platform.cstatic-images.com/xlarge/in/v2/75b008d7-0189-5a94-9a1a-6a032aef86a4/f1d7f4b9-215c-4274-ab20-6e1b6958d897/HoI7BBXWyHC6dXwa7dFNDf2vdb0.jpg,2023-05-01T08:03:21.000Z,cars.com scrapper,2023-05-03T22:26:45.376Z
11451,3,https://platform.cstatic-images.com/xlarge/in/v2/75b008d7-0189-5a94-9a1a-6a032aef86a4/f1d7f4b9-215c-4274-ab20-6e1b6958d897/890t7D1JtLm_ZeyL5fGFxNW5yng.jpg,2023-05-01T08:03:21.000Z,cars.com scrapper,2023-05-03T22:26:45.376Z
11451,4,https://platform.cstatic-images.com/xlarge/in/v2/75b008d7-0189-5a94-9a1a-6a032aef86a4/f1d7f4b9-215c-4274-ab20-6e1b6958d897/srCwnaXKD4jKEVh1nRWntU886E0.jpg,2023-05-01T08:03:21.000Z,cars.com scrapper,2023-05-03T22:26:45.376Z
11451,5,https://platform.cstatic-images.com/xlarge/in/v2/75b008d7-0189-5a94-9a1a-6a032aef86a4/f1d7f4b9-215c-4274-ab20-6e1b6958d897/74JeAbTDNj_zHd5xwuk7yI_2R8Q.jpg,2023-05-01T08:03:21.000Z,cars.com scrapper,2023-05-03T22:26:45.376Z
11451,6,https://platform.cstatic-images.com/xlarge/in/v2/75b008d7-0189-5a94-9a1a-6a032aef86a4/f1d7f4b9-215c-4274-ab20-6e1b6958d897/8Ou_65PP3D1LBtw4zY8CGTGjuUU.jpg,2023-05-01T08:03:21.000Z,cars.com scrapper,2023-05-03T22:26:45.376Z
11451,7,https://platform.cstatic-images.com/xlarge/in/v2/75b008d7-0189-5a94-9a1a-6a032aef86a4/f1d7f4b9-215c-4274-ab20-6e1b6958d897/C7oTz_sNCiEJtvCFYac-JnSIxnc.jpg,2023-05-01T08:03:21.000Z,cars.com scrapper,2023-05-03T22:26:45.376Z
11451,8,https://platform.cstatic-images.com/xlarge/in/v2/75b008d7-0189-5a94-9a1a-6a032aef86a4/f1d7f4b9-215c-4274-ab20-6e1b6958d897/LhOrApNol8OA62pA0CnfkygbG5s.jpg,2023-05-01T08:03:21.000Z,cars.com scrapper,2023-05-03T22:26:45.376Z
11451,9,https://platform.cstatic-images.com/xlarge/in/v2/75b008d7-0189-5a94-9a1a-6a032aef86a4/f1d7f4b9-215c-4274-ab20-6e1b6958d897/dbKFj3rW1pc3bONmrj0l--820_8.jpg,2023-05-01T08:03:21.000Z,cars.com scrapper,2023-05-03T22:26:45.376Z
11451,10,https://platform.cstatic-images.com/xlarge/in/v2/75b008d7-0189-5a94-9a1a-6a032aef86a4/f1d7f4b9-215c-4274-ab20-6e1b6958d897/5Ycomz18tLhnkFu7xtJj8To7Yxo.jpg,2023-05-01T08:03:21.000Z,cars.com scrapper,2023-05-03T22:26:45.376Z
11451,11,https://platform.cstatic-images.com/xlarge/in/v2/75b008d7-0189-5a94-9a1a-6a032aef86a4/f1d7f4b9-215c-4274-ab20-6e1b6958d897/ggHr_0Wpgmbd-YkVYU3u2g3zZh4.jpg,2023-05-01T08:03:21.000Z,cars.com scrapper,2023-05-03T22:26:45.376Z
11451,12,https://platform.cstatic-images.com/xlarge/in/v2/75b008d7-0189-5a94-9a1a-6a032aef86a4/f1d7f4b9-215c-4274-ab20-6e1b6958d897/i625qUR6lbxUFQvwKCICdwo1C3s.jpg,2023-05-01T08:03:21.000Z,cars.com scrapper,2023-05-03T22:26:45.376Z
11451,13,https://platform.cstatic-images.com/xlarge/in/v2/75b008d7-0189-5a94-9a1a-6a032aef86a4/f1d7f4b9-215c-4274-ab20-6e1b6958d897/PSY7A-W3A6VLNawAdOKUCJAJs1Y.jpg,2023-05-01T08:03:21.000Z,cars.com scrapper,2023-05-03T22:26:45.376Z
11451,14,https://platform.cstatic-images.com/xlarge/in/v2/75b008d7-0189-5a94-9a1a-6a032aef86a4/f1d7f4b9-215c-4274-ab20-6e1b6958d897/JSmHTjWVNS14YebEIdXgjX3NJds.jpg,2023-05-01T08:03:21.000Z,cars.com scrapper,2023-05-03T22:26:45.376Z
11451,15,https://platform.cstatic-images.com/xlarge/in/v2/75b008d7-0189-5a94-9a1a-6a032aef86a4/f1d7f4b9-215c-4274-ab20-6e1b6958d897/WsZQ_poUpkh6H9TWVTv_rowExI4.jpg,2023-05-01T08:03:21.000Z,cars.com scrapper,2023-05-03T22:26:45.376Z
11451,16,https://platform.cstatic-images.com/xlarge/in/v2/75b008d7-0189-5a94-9a1a-6a032aef86a4/f1d7f4b9-215c-4274-ab20-6e1b6958d897/3F9nCPORtkVcNBqvW10e3n1YBcg.jpg,2023-05-01T08:03:21.000Z,cars.com scrapper,2023-05-03T22:26:45.376Z
PU428334,0,https://platform.cstatic-images.com/xlarge/in/v2/5bf0526a-e0a0-5588-a75d-9c65f38a8a83/9522f59c-0989-4fc5-9f84-5f02307013f3/LIc9Fyd5OANdfAuzDQ3Tmt2Eha0.jpg,2023-05-01T08:05:05.000Z,cars.com scrapper,2023-05-03T22:26:45.376Z
PU428334,1,https://platform.cstatic-images.com/xlarge/in/v2/5bf0526a-e0a0-5588-a75d-9c65f38a8a83/9522f59c-0989-4fc5-9f84-5f02307013f3/EbkSJsBq_pLva9nc-i8i3u430SA.jpg,2023-05-01T08:05:05.000Z,cars.com scrapper,2023-05-03T22:26:45.376Z
PU428334,2,https://platform.cstatic-images.com/xlarge/in/v2/5bf0526a-e0a0-5588-a75d-9c65f38a8a83/9522f59c-0989-4fc5-9f84-5f02307013f3/bOnhwB1kvtIBnO-pnEVE_gJHCOQ.jpg,2023-05-01T08:05:05.000Z,cars.com scrapper,2023-05-03T22:26:45.376Z
PU428334,3,https://platform.cstatic-images.com/xlarge/in/v2/5bf0526a-e0a0-5588-a75d-9c65f38a8a83/9522f59c-0989-4fc5-9f84-5f02307013f3/yOF-fStFSbskUkwaG32aH_jY4so.jpg,2023-05-01T08:05:05.000Z,cars.com scrapper,2023-05-03T22:26:45.376Z
P14556,0,https://platform.cstatic-images.com/xlarge/in/v2/e09094bf-11b9-53a9-8f94-322d1aac4357/d9ef2e67-315d-4df4-914c-a5654ff7e21f/TyyTyFwcx8jimw9iHzf9qosyn1Q.jpg,2023-05-01T08:03:29.000Z,cars.com scrapper,2023-05-03T22:26:45.376Z
P14556,1,https://platform.cstatic-images.com/xlarge/in/v2/e09094bf-11b9-53a9-8f94-322d1aac4357/d9ef2e67-315d-4df4-914c-a5654ff7e21f/y-TWQ9kE4N_pucNzWCJNx9TDBlk.jpg,2023-05-01T08:03:29.000Z,cars.com scrapper,2023-05-03T22:26:45.376Z
P14556,2,https://platform.cstatic-images.com/xlarge/in/v2/e09094bf-11b9-53a9-8f94-322d1aac4357/d9ef2e67-315d-4df4-914c-a5654ff7e21f/i-wwWjZ0zRidTgCwee4CqBdDjV4.jpg,2023-05-01T08:03:29.000Z,cars.com scrapper,2023-05-03T22:26:45.376Z
P14556,3,https://platform.cstatic-images.com/xlarge/in/v2/e09094bf-11b9-53a9-8f94-322d1aac4357/d9ef2e67-315d-4df4-914c-a5654ff7e21f/gMquKp1g6pvMZFqDlQ058GU8Ve8.jpg,2023-05-01T08:03:29.000Z,cars.com scrapper,2023-05-03T22:26:45.376Z
P14556,4,https://platform.cstatic-images.com/xlarge/in/v2/e09094bf-11b9-53a9-8f94-322d1aac4357/d9ef2e67-315d-4df4-914c-a5654ff7e21f/x75HDBD4hrXgJlzgkBAp0MNSaTE.jpg,2023-05-01T08:03:29.000Z,cars.com scrapper,2023-05-03T22:26:45.376Z
T0382,0,https://platform.cstatic-images.com/xlarge/in/v2/0e0279e8-5497-56f5-adfe-2fe1598eb08d/364ecb76-1720-4ce6-a0ab-0410a6bf97d1/xdCnzrjtop2MfIOsehAYoymEqhA.jpg,2023-05-01T08:03:10.000Z,cars.com scrapper,2023-05-03T22:26:45.376Z
T0382,1,https://platform.cstatic-images.com/xlarge/in/v2/0e0279e8-5497-56f5-adfe-2fe1598eb08d/364ecb76-1720-4ce6-a0ab-0410a6bf97d1/5V4_WWQpzv4Eg1Ga_-x6IKkRRIA.jpg,2023-05-01T08:03:10.000Z,cars.com scrapper,2023-05-03T22:26:45.376Z
T0382,2,https://platform.cstatic-images.com/xlarge/in/v2/0e0279e8-5497-56f5-adfe-2fe1598eb08d/364ecb76-1720-4ce6-a0ab-0410a6bf97d1/HhqHHJI13D0aDz_DGMXLoYg7lEU.jpg,2023-05-01T08:03:10.000Z,cars.com scrapper,2023-05-03T22:26:45.376Z
T0382,3,https://platform.cstatic-images.com/xlarge/in/v2/0e0279e8-5497-56f5-adfe-2fe1598eb08d/364ecb76-1720-4ce6-a0ab-0410a6bf97d1/uKG__4zywoRrjarWKXPJMtwSXW0.jpg,2023-05-01T08:03:10.000Z,cars.com scrapper,2023-05-03T22:26:45.376Z
T0382,4,https://platform.cstatic-images.com/xlarge/in/v2/0e0279e8-5497-56f5-adfe-2fe1598eb08d/364ecb76-1720-4ce6-a0ab-0410a6bf97d1/beUOFp59USJBeGjGXKmT8AS2ZVg.jpg,2023-05-01T08:03:10.000Z,cars.com scrapper,2023-05-03T22:26:45.376Z
T0382,5,https://platform.cstatic-images.com/xlarge/in/v2/0e0279e8-5497-56f5-adfe-2fe1598eb08d/364ecb76-1720-4ce6-a0ab-0410a6bf97d1/t4vD85Q0Ar_AgStvMz5GqhTUsuY.jpg,2023-05-01T08:03:10.000Z,cars.com scrapper,2023-05-03T22:26:45.376Z
513546,0,https://platform.cstatic-images.com/xlarge/in/v2/9a8e3a36-c3cd-5d1f-a7dd-075a509ba6d6/eb031a05-b0ca-481e-a10c-4a5bd51dc3aa/qkar5Y_nTs5pL9qvNyyBUQhRryc.jpg,2023-05-01T08:01:00.000Z,cars.com scrapper,2023-05-03T22:26:45.376Z
513546,1,https://platform.cstatic-images.com/xlarge/in/v2/9a8e3a36-c3cd-5d1f-a7dd-075a509ba6d6/eb031a05-b0ca-481e-a10c-4a5bd51dc3aa/-fnDGWbJtuZYv2qhwqWg3ezwMw0.jpg,2023-05-01T08:01:00.000Z,cars.com scrapper,2023-05-03T22:26:45.376Z
513546,2,https://platform.cstatic-images.com/xlarge/in/v2/9a8e3a36-c3cd-5d1f-a7dd-075a509ba6d6/eb031a05-b0ca-481e-a10c-4a5bd51dc3aa/ZN8o6DppHssctwJ36z5MQbU9aP4.jpg,2023-05-01T08:01:00.000Z,cars.com scrapper,2023-05-03T22:26:45.376Z
513546,3,https://platform.cstatic-images.com/xlarge/in/v2/9a8e3a36-c3cd-5d1f-a7dd-075a509ba6d6/eb031a05-b0ca-481e-a10c-4a5bd51dc3aa/V7pDiWFc20d9j89_A70de1Dtr6Q.jpg,2023-05-01T08:01:00.000Z,cars.com scrapper,2023-05-03T22:26:45.376Z
513546,4,https://platform.cstatic-images.com/xlarge/in/v2/9a8e3a36-c3cd-5d1f-a7dd-075a509ba6d6/eb031a05-b0ca-481e-a10c-4a5bd51dc3aa/VVeJCnG5elT9Wfir5xaw1e64OE8.jpg,2023-05-01T08:01:00.000Z,cars.com scrapper,2023-05-03T22:26:45.376Z
513546,5,https://platform.cstatic-images.com/xlarge/in/v2/9a8e3a36-c3cd-5d1f-a7dd-075a509ba6d6/eb031a05-b0ca-481e-a10c-4a5bd51dc3aa/oo3btA85fwOA1V698UAhWfYQde0.jpg,2023-05-01T08:01:00.000Z,cars.com scrapper,2023-05-03T22:26:45.376Z
513546,6,https://platform.cstatic-images.com/xlarge/in/v2/9a8e3a36-c3cd-5d1f-a7dd-075a509ba6d6/eb031a05-b0ca-481e-a10c-4a5bd51dc3aa/OcONqAsiB0JRfTTKiPR04UhI60I.jpg,2023-05-01T08:01:00.000Z,cars.com scrapper,2023-05-03T22:26:45.376Z
513546,7,https://platform.cstatic-images.com/xlarge/in/v2/9a8e3a36-c3cd-5d1f-a7dd-075a509ba6d6/eb031a05-b0ca-481e-a10c-4a5bd51dc3aa/GaJP-ad_yNCXF4uwdWTTtKoLTio.jpg,2023-05-01T08:01:00.000Z,cars.com scrapper,2023-05-03T22:26:45.376Z
513546,8,https://platform.cstatic-images.com/xlarge/in/v2/9a8e3a36-c3cd-5d1f-a7dd-075a509ba6d6/eb031a05-b0ca-481e-a10c-4a5bd51dc3aa/dS39rhEkYbSyCNAlv4SGH1EyNMM.jpg,2023-05-01T08:01:00.000Z,cars.com scrapper,2023-05-03T22:26:45.376Z
513546,9,https://platform.cstatic-images.com/xlarge/in/v2/9a8e3a36-c3cd-5d1f-a7dd-075a509ba6d6/eb031a05-b0ca-481e-a10c-4a5bd51dc3aa/lEWgNIt1VFpGmcegNUuIGCgIIgI.jpg,2023-05-01T08:01:00.000Z,cars.com scrapper,2023-05-03T22:26:45.376Z
513546,10,https://platform.cstatic-images.com/xlarge/in/v2/9a8e3a36-c3cd-5d1f-a7dd-075a509ba6d6/eb031a05-b0ca-481e-a10c-4a5bd51dc3aa/1-Z1zr6eVSkKGgKhlrToFeq4jOM.jpg,2023-05-01T08:01:00.000Z,cars.com scrapper,2023-05-03T22:26:45.376Z
513546,11,https://platform.cstatic-images.com/xlarge/in/v2/9a8e3a36-c3cd-5d1f-a7dd-075a509ba6d6/eb031a05-b0ca-481e-a10c-4a5bd51dc3aa/b0bQe8qRTcyyvvS3Li1HujAG-qE.jpg,2023-05-01T08:01:00.000Z,cars.com scrapper,2023-05-03T22:26:45.376Z
513546,12,https://platform.cstatic-images.com/xlarge/in/v2/9a8e3a36-c3cd-5d1f-a7dd-075a509ba6d6/eb031a05-b0ca-481e-a10c-4a5bd51dc3aa/F5ld36x_fFBlNw--WHHThGgWhSY.jpg,2023-05-01T08:01:00.000Z,cars.com scrapper,2023-05-03T22:26:45.376Z
513546,13,https://platform.cstatic-images.com/xlarge/in/v2/9a8e3a36-c3cd-5d1f-a7dd-075a509ba6d6/eb031a05-b0ca-481e-a10c-4a5bd51dc3aa/NnQAYOP2dxKYXgy7wc1I3vsm458.jpg,2023-05-01T08:01:00.000Z,cars.com scrapper,2023-05-03T22:26:45.376Z
513546,14,https://platform.cstatic-images.com/xlarge/in/v2/9a8e3a36-c3cd-5d1f-a7dd-075a509ba6d6/eb031a05-b0ca-481e-a10c-4a5bd51dc3aa/-9tK0CPSrmHqQIEnC7HfTpA5eKU.jpg,2023-05-01T08:01:00.000Z,cars.com scrapper,2023-05-03T22:26:45.376Z
513546,15,https://platform.cstatic-images.com/xlarge/in/v2/9a8e3a36-c3cd-5d1f-a7dd-075a509ba6d6/eb031a05-b0ca-481e-a10c-4a5bd51dc3aa/kfXLTQV7YqG1QzJgTdGMulJO41I.jpg,2023-05-01T08:01:00.000Z,cars.com scrapper,2023-05-03T22:26:45.376Z
513546,16,https://platform.cstatic-images.com/xlarge/in/v2/9a8e3a36-c3cd-5d1f-a7dd-075a509ba6d6/eb031a05-b0ca-481e-a10c-4a5bd51dc3aa/w1AIRUgMXFxv7jb8oQpm1Rp22Ek.jpg,2023-05-01T08:01:00.000Z,cars.com scrapper,2023-05-03T22:26:45.376Z
513546,17,https://platform.cstatic-images.com/xlarge/in/v2/9a8e3a36-c3cd-5d1f-a7dd-075a509ba6d6/eb031a05-b0ca-481e-a10c-4a5bd51dc3aa/uLrxbSiHbwcPeH6Ybzzr1WkamdY.jpg,2023-05-01T08:01:00.000Z,cars.com scrapper,2023-05-03T22:26:45.376Z
513546,18,https://platform.cstatic-images.com/xlarge/in/v2/9a8e3a36-c3cd-5d1f-a7dd-075a509ba6d6/eb031a05-b0ca-481e-a10c-4a5bd51dc3aa/wcfGaYa0KW9gJQbmxRnHVQrqdG8.jpg,2023-05-01T08:01:00.000Z,cars.com scrapper,2023-05-03T22:26:45.376Z
HP1195,0,https://platform.cstatic-images.com/xlarge/in/v2/52e86e92-a701-537b-8e02-7fc156c481b3/7c60e239-87f9-4730-8c3e-d98a1c04d135/k2jUEelkZaqZNvyI6-yaNpDI-d4.jpg,2023-05-01T08:06:49.000Z,cars.com scrapper,2023-05-03T22:26:45.376Z
HP1195,1,https://platform.cstatic-images.com/xlarge/in/v2/52e86e92-a701-537b-8e02-7fc156c481b3/7c60e239-87f9-4730-8c3e-d98a1c04d135/Gk-SjUQcRB9TIWSHd491ADlk_Kc.jpg,2023-05-01T08:06:49.000Z,cars.com scrapper,2023-05-03T22:26:45.376Z
HP1195,2,https://platform.cstatic-images.com/xlarge/in/v2/52e86e92-a701-537b-8e02-7fc156c481b3/7c60e239-87f9-4730-8c3e-d98a1c04d135/rFtJo-YgayppY6IQr4i5Ah4pW1U.jpg,2023-05-01T08:06:49.000Z,cars.com scrapper,2023-05-03T22:26:45.376Z
HP1195,3,https://platform.cstatic-images.com/xlarge/in/v2/52e86e92-a701-537b-8e02-7fc156c481b3/7c60e239-87f9-4730-8c3e-d98a1c04d135/yBUi-_VRpeVVVf0pi6CijxO5-C8.jpg,2023-05-01T08:06:49.000Z,cars.com scrapper,2023-05-03T22:26:45.376Z
HP1195,4,https://platform.cstatic-images.com/xlarge/in/v2/52e86e92-a701-537b-8e02-7fc156c481b3/7c60e239-87f9-4730-8c3e-d98a1c04d135/-oofTMoeLuHScVyii_rj7FC7Lfc.jpg,2023-05-01T08:06:49.000Z,cars.com scrapper,2023-05-03T22:26:45.376Z
HP1195,5,https://platform.cstatic-images.com/xlarge/in/v2/52e86e92-a701-537b-8e02-7fc156c481b3/7c60e239-87f9-4730-8c3e-d98a1c04d135/NpxI5oJzOZY55N9Hk_a87oTKuYY.jpg,2023-05-01T08:06:49.000Z,cars.com scrapper,2023-05-03T22:26:45.376Z
HP1195,6,https://platform.cstatic-images.com/xlarge/in/v2/52e86e92-a701-537b-8e02-7fc156c481b3/7c60e239-87f9-4730-8c3e-d98a1c04d135/RRhtrMKn3PfD9WWdyeVb-WAazGY.jpg,2023-05-01T08:06:49.000Z,cars.com scrapper,2023-05-03T22:26:45.376Z
HP1195,7,https://platform.cstatic-images.com/xlarge/in/v2/52e86e92-a701-537b-8e02-7fc156c481b3/7c60e239-87f9-4730-8c3e-d98a1c04d135/LRKReLSzyYdwmKSAESzfCSAMwag.jpg,2023-05-01T08:06:49.000Z,cars.com scrapper,2023-05-03T22:26:45.376Z
HP1195,8,https://platform.cstatic-images.com/xlarge/in/v2/52e86e92-a701-537b-8e02-7fc156c481b3/7c60e239-87f9-4730-8c3e-d98a1c04d135/9drOCDfAQ0UV_FF6tGtYz1Su-Tk.jpg,2023-05-01T08:06:49.000Z,cars.com scrapper,2023-05-03T22:26:45.376Z
HP1195,9,https://platform.cstatic-images.com/xlarge/in/v2/52e86e92-a701-537b-8e02-7fc156c481b3/7c60e239-87f9-4730-8c3e-d98a1c04d135/P7M9xUqfXr5XleU_Xzt_U0mg9KE.jpg,2023-05-01T08:06:49.000Z,cars.com scrapper,2023-05-03T22:26:45.376Z
HP1195,10,https://platform.cstatic-images.com/xlarge/in/v2/52e86e92-a701-537b-8e02-7fc156c481b3/7c60e239-87f9-4730-8c3e-d98a1c04d135/DxMFmRj5yb1Zp2tqL7dJp5ZODb0.jpg,2023-05-01T08:06:49.000Z,cars.com scrapper,2023-05-03T22:26:45.376Z
HP1195,11,https://platform.cstatic-images.com/xlarge/in/v2/52e86e92-a701-537b-8e02-7fc156c481b3/7c60e239-87f9-4730-8c3e-d98a1c04d135/EAyLtjNUAixRXfTLpjnR67sOYAA.jpg,2023-05-01T08:06:49.000Z,cars.com scrapper,2023-05-03T22:26:45.376Z
HP1195,12,https://platform.cstatic-images.com/xlarge/in/v2/52e86e92-a701-537b-8e02-7fc156c481b3/7c60e239-87f9-4730-8c3e-d98a1c04d135/dMNsmVlWqfLPN8kCiEOQrLUKZuc.jpg,2023-05-01T08:06:49.000Z,cars.com scrapper,2023-05-03T22:26:45.376Z
HP1195,13,https://platform.cstatic-images.com/xlarge/in/v2/52e86e92-a701-537b-8e02-7fc156c481b3/7c60e239-87f9-4730-8c3e-d98a1c04d135/8-_EUeVK3R6maQQbde0AeNdIhrA.jpg,2023-05-01T08:06:49.000Z,cars.com scrapper,2023-05-03T22:26:45.376Z
HP1195,14,https://platform.cstatic-images.com/xlarge/in/v2/52e86e92-a701-537b-8e02-7fc156c481b3/7c60e239-87f9-4730-8c3e-d98a1c04d135/uOyvKZuSWR7lwaKr_pNF7y30OoQ.jpg,2023-05-01T08:06:49.000Z,cars.com scrapper,2023-05-03T22:26:45.376Z
HP1195,15,https://platform.cstatic-images.com/xlarge/in/v2/52e86e92-a701-537b-8e02-7fc156c481b3/7c60e239-87f9-4730-8c3e-d98a1c04d135/ldsh90sKxhoWlTYMHmPf05W-gkI.jpg,2023-05-01T08:06:49.000Z,cars.com scrapper,2023-05-03T22:26:45.376Z
HP1195,16,https://platform.cstatic-images.com/xlarge/in/v2/52e86e92-a701-537b-8e02-7fc156c481b3/7c60e239-87f9-4730-8c3e-d98a1c04d135/vrKYege3tj-wefgQ4-EwgNVdlKo.jpg,2023-05-01T08:06:49.000Z,cars.com scrapper,2023-05-03T22:26:45.376Z
3230358P,0,https://platform.cstatic-images.com/xlarge/in/v2/45e45d61-30dc-50ac-98f1-abbd06a5f0be/f6edd48b-b386-40b5-957f-7e4e7355bf91/C8aoWwHqnCqkQWivb3LQepGhFU4.jpg,2023-05-01T08:00:55.000Z,cars.com scrapper,2023-05-03T22:26:45.376Z
3230358P,1,https://platform.cstatic-images.com/xlarge/in/v2/45e45d61-30dc-50ac-98f1-abbd06a5f0be/f6edd48b-b386-40b5-957f-7e4e7355bf91/lHcCPpYC4mTQEGnZ_aH1jCs0jeM.jpg,2023-05-01T08:00:55.000Z,cars.com scrapper,2023-05-03T22:26:45.376Z
3230358P,2,https://platform.cstatic-images.com/xlarge/in/v2/45e45d61-30dc-50ac-98f1-abbd06a5f0be/f6edd48b-b386-40b5-957f-7e4e7355bf91/oAmceMtACy8PRp2fup2sZy1lGak.jpg,2023-05-01T08:00:55.000Z,cars.com scrapper,2023-05-03T22:26:45.376Z
3230358P,3,https://platform.cstatic-images.com/xlarge/in/v2/45e45d61-30dc-50ac-98f1-abbd06a5f0be/f6edd48b-b386-40b5-957f-7e4e7355bf91/cnz8J61r3-AzOjWF9oI1j1_bqto.jpg,2023-05-01T08:00:55.000Z,cars.com scrapper,2023-05-03T22:26:45.376Z
3230358P,4,https://platform.cstatic-images.com/xlarge/in/v2/45e45d61-30dc-50ac-98f1-abbd06a5f0be/f6edd48b-b386-40b5-957f-7e4e7355bf91/56QLxPaNBXuT5BLoNJqrl6QX0fQ.jpg,2023-05-01T08:00:55.000Z,cars.com scrapper,2023-05-03T22:26:45.376Z
3230358P,5,https://platform.cstatic-images.com/xlarge/in/v2/45e45d61-30dc-50ac-98f1-abbd06a5f0be/f6edd48b-b386-40b5-957f-7e4e7355bf91/epDyhznlElBTv4EHrnPz2jgN4RY.jpg,2023-05-01T08:00:55.000Z,cars.com scrapper,2023-05-03T22:26:45.376Z
3230358P,6,https://platform.cstatic-images.com/xlarge/in/v2/45e45d61-30dc-50ac-98f1-abbd06a5f0be/f6edd48b-b386-40b5-957f-7e4e7355bf91/dK9foz3UsgylqHrwjTqs6CocaMw.jpg,2023-05-01T08:00:55.000Z,cars.com scrapper,2023-05-03T22:26:45.376Z
3230358P,7,https://platform.cstatic-images.com/xlarge/in/v2/45e45d61-30dc-50ac-98f1-abbd06a5f0be/f6edd48b-b386-40b5-957f-7e4e7355bf91/9DZH5wbkW4qzugBepfctPXWX_aE.jpg,2023-05-01T08:00:55.000Z,cars.com scrapper,2023-05-03T22:26:45.376Z
3230358P,8,https://platform.cstatic-images.com/xlarge/in/v2/45e45d61-30dc-50ac-98f1-abbd06a5f0be/f6edd48b-b386-40b5-957f-7e4e7355bf91/lI12H7emzURO077_INjWvNNNsm4.jpg,2023-05-01T08:00:55.000Z,cars.com scrapper,2023-05-03T22:26:45.376Z
3230358P,9,https://platform.cstatic-images.com/xlarge/in/v2/45e45d61-30dc-50ac-98f1-abbd06a5f0be/f6edd48b-b386-40b5-957f-7e4e7355bf91/cQGJ4f9LIEKZ2feWDWBf8c8joME.jpg,2023-05-01T08:00:55.000Z,cars.com scrapper,2023-05-03T22:26:45.376Z
3230358P,10,https://platform.cstatic-images.com/xlarge/in/v2/45e45d61-30dc-50ac-98f1-abbd06a5f0be/f6edd48b-b386-40b5-957f-7e4e7355bf91/ej56oOhl4BP8sS0aGZOk-iYyIrM.jpg,2023-05-01T08:00:55.000Z,cars.com scrapper,2023-05-03T22:26:45.376Z
Z22008464,0,https://platform.cstatic-images.com/xlarge/in/v2/3acd1c2d-9b40-5ea9-8fce-f45d3a2306b1/bcda6c51-0293-4c4a-a46b-735844e1f6a4/bLBBJpTqrn5ksHCBGlz8OgCuYWE.jpg,2023-05-01T08:01:06.000Z,cars.com scrapper,2023-05-03T22:26:45.376Z
Z22008464,1,https://platform.cstatic-images.com/xlarge/in/v2/3acd1c2d-9b40-5ea9-8fce-f45d3a2306b1/bcda6c51-0293-4c4a-a46b-735844e1f6a4/VOHmt1Z-2JaEwBnn3omQj67_48o.jpg,2023-05-01T08:01:06.000Z,cars.com scrapper,2023-05-03T22:26:45.376Z
Z22008464,2,https://platform.cstatic-images.com/xlarge/in/v2/3acd1c2d-9b40-5ea9-8fce-f45d3a2306b1/bcda6c51-0293-4c4a-a46b-735844e1f6a4/lMln96h90rV2RgrzGRafd3zGMYw.jpg,2023-05-01T08:01:06.000Z,cars.com scrapper,2023-05-03T22:26:45.376Z
Z22008464,3,https://platform.cstatic-images.com/xlarge/in/v2/3acd1c2d-9b40-5ea9-8fce-f45d3a2306b1/bcda6c51-0293-4c4a-a46b-735844e1f6a4/05pDl6XkfQxrV-OIOpK32A-75R8.jpg,2023-05-01T08:01:06.000Z,cars.com scrapper,2023-05-03T22:26:45.376Z
Z22008464,4,https://platform.cstatic-images.com/xlarge/in/v2/3acd1c2d-9b40-5ea9-8fce-f45d3a2306b1/bcda6c51-0293-4c4a-a46b-735844e1f6a4/SzBCxmJvlXOp2xqCbuQL-rikoss.jpg,2023-05-01T08:01:06.000Z,cars.com scrapper,2023-05-03T22:26:45.376Z
Z22008464,5,https://platform.cstatic-images.com/xlarge/in/v2/3acd1c2d-9b40-5ea9-8fce-f45d3a2306b1/bcda6c51-0293-4c4a-a46b-735844e1f6a4/4J9QI2FTJor_L_8QfBLrmxnHQns.jpg,2023-05-01T08:01:06.000Z,cars.com scrapper,2023-05-03T22:26:45.376Z
Z22008464,6,https://platform.cstatic-images.com/xlarge/in/v2/3acd1c2d-9b40-5ea9-8fce-f45d3a2306b1/bcda6c51-0293-4c4a-a46b-735844e1f6a4/74G-rzvN2iijntRN8H4Zf8I3lbQ.jpg,2023-05-01T08:01:06.000Z,cars.com scrapper,2023-05-03T22:26:45.376Z
Z22008464,7,https://platform.cstatic-images.com/xlarge/in/v2/3acd1c2d-9b40-5ea9-8fce-f45d3a2306b1/bcda6c51-0293-4c4a-a46b-735844e1f6a4/mGMUJbR18cRTVZYQmnbS07_2Maw.jpg,2023-05-01T08:01:06.000Z,cars.com scrapper,2023-05-03T22:26:45.376Z
Z22008464,8,https://platform.cstatic-images.com/xlarge/in/v2/3acd1c2d-9b40-5ea9-8fce-f45d3a2306b1/bcda6c51-0293-4c4a-a46b-735844e1f6a4/B2k8v7Wl6gCA9PjkEAx8dMpCoiA.jpg,2023-05-01T08:01:06.000Z,cars.com scrapper,2023-05-03T22:26:45.376Z
Z22008464,9,https://platform.cstatic-images.com/xlarge/in/v2/3acd1c2d-9b40-5ea9-8fce-f45d3a2306b1/bcda6c51-0293-4c4a-a46b-735844e1f6a4/-VBZ9UZYl2LgNf48YkqpQZRAjp0.jpg,2023-05-01T08:01:06.000Z,cars.com scrapper,2023-05-03T22:26:45.376Z
Z22008464,10,https://platform.cstatic-images.com/xlarge/in/v2/3acd1c2d-9b40-5ea9-8fce-f45d3a2306b1/bcda6c51-0293-4c4a-a46b-735844e1f6a4/wFvGI8YOaoWrQlYqxirZ7j4OhEM.jpg,2023-05-01T08:01:06.000Z,cars.com scrapper,2023-05-03T22:26:45.376Z
Z22008464,11,https://platform.cstatic-images.com/xlarge/in/v2/3acd1c2d-9b40-5ea9-8fce-f45d3a2306b1/bcda6c51-0293-4c4a-a46b-735844e1f6a4/qO7XOp-MexQVrslVHRKVFYAJoEU.jpg,2023-05-01T08:01:06.000Z,cars.com scrapper,2023-05-03T22:26:45.376Z
Z22008464,12,https://platform.cstatic-images.com/xlarge/in/v2/3acd1c2d-9b40-5ea9-8fce-f45d3a2306b1/bcda6c51-0293-4c4a-a46b-735844e1f6a4/zOWbLdNvq06eaJAwtQNkJVsvuHY.jpg,2023-05-01T08:01:06.000Z,cars.com scrapper,2023-05-03T22:26:45.376Z
Z22008464,13,https://platform.cstatic-images.com/xlarge/in/v2/3acd1c2d-9b40-5ea9-8fce-f45d3a2306b1/bcda6c51-0293-4c4a-a46b-735844e1f6a4/j1wvqCySniZuGWM6nwZJcYyAagA.jpg,2023-05-01T08:01:06.000Z,cars.com scrapper,2023-05-03T22:26:45.376Z
Z22008464,14,https://platform.cstatic-images.com/xlarge/in/v2/3acd1c2d-9b40-5ea9-8fce-f45d3a2306b1/bcda6c51-0293-4c4a-a46b-735844e1f6a4/3EBElukUYIuOCTSSZLWPu0LQSf4.jpg,2023-05-01T08:01:06.000Z,cars.com scrapper,2023-05-03T22:26:45.376Z
23-009,0,https://platform.cstatic-images.com/xlarge/in/v2/014e2d3e-3610-59aa-bb4c-ba8a16a64489/b620bab7-3724-49ae-9c5b-78aa09ef4c44/nGM4-zoMmvKTV6XDS1090Z3v-uM.jpg,2023-05-01T08:00:28.000Z,cars.com scrapper,2023-05-03T22:26:45.376Z
23-009,1,https://platform.cstatic-images.com/xlarge/in/v2/014e2d3e-3610-59aa-bb4c-ba8a16a64489/b620bab7-3724-49ae-9c5b-78aa09ef4c44/hJtov0a1Di8HdV8WapCq5JMaxO8.jpg,2023-05-01T08:00:28.000Z,cars.com scrapper,2023-05-03T22:26:45.376Z
23-009,2,https://platform.cstatic-images.com/xlarge/in/v2/014e2d3e-3610-59aa-bb4c-ba8a16a64489/b620bab7-3724-49ae-9c5b-78aa09ef4c44/pXyyRbkRB7yGbrzAOz2CvRFAe7A.jpg,2023-05-01T08:00:28.000Z,cars.com scrapper,2023-05-03T22:26:45.376Z
23-009,3,https://platform.cstatic-images.com/xlarge/in/v2/014e2d3e-3610-59aa-bb4c-ba8a16a64489/b620bab7-3724-49ae-9c5b-78aa09ef4c44/1T5vHejxRTSjmiJ5PlGIjt1I6_k.jpg,2023-05-01T08:00:28.000Z,cars.com scrapper,2023-05-03T22:26:45.376Z
23-009,4,https://platform.cstatic-images.com/xlarge/in/v2/014e2d3e-3610-59aa-bb4c-ba8a16a64489/b620bab7-3724-49ae-9c5b-78aa09ef4c44/0JT_o_3hF1YvY06OrrdguNYjh8g.jpg,2023-05-01T08:00:28.000Z,cars.com scrapper,2023-05-03T22:26:45.376Z
23-009,5,https://platform.cstatic-images.com/xlarge/in/v2/014e2d3e-3610-59aa-bb4c-ba8a16a64489/b620bab7-3724-49ae-9c5b-78aa09ef4c44/EIz1EPqOSTGz8sLzKyc7yHaYhME.jpg,2023-05-01T08:00:28.000Z,cars.com scrapper,2023-05-03T22:26:45.376Z
23-009,6,https://platform.cstatic-images.com/xlarge/in/v2/014e2d3e-3610-59aa-bb4c-ba8a16a64489/b620bab7-3724-49ae-9c5b-78aa09ef4c44/QQQ4PlekwDaQzirGlHGHsu2Cx8c.jpg,2023-05-01T08:00:28.000Z,cars.com scrapper,2023-05-03T22:26:45.376Z
23-009,7,https://platform.cstatic-images.com/xlarge/in/v2/014e2d3e-3610-59aa-bb4c-ba8a16a64489/b620bab7-3724-49ae-9c5b-78aa09ef4c44/S9QikK6Krq2LuooRhwY-okvGBCw.jpg,2023-05-01T08:00:28.000Z,cars.com scrapper,2023-05-03T22:26:45.376Z
23-009,8,https://platform.cstatic-images.com/xlarge/in/v2/014e2d3e-3610-59aa-bb4c-ba8a16a64489/b620bab7-3724-49ae-9c5b-78aa09ef4c44/-juhLi00AvBfU9Q_2ZfQerbNV2A.jpg,2023-05-01T08:00:28.000Z,cars.com scrapper,2023-05-03T22:26:45.376Z
23-009,9,https://platform.cstatic-images.com/xlarge/in/v2/014e2d3e-3610-59aa-bb4c-ba8a16a64489/b620bab7-3724-49ae-9c5b-78aa09ef4c44/NTGocIAjixOhvg0OWhqUHW0c0es.jpg,2023-05-01T08:00:28.000Z,cars.com scrapper,2023-05-03T22:26:45.376Z
23-009,10,https://platform.cstatic-images.com/xlarge/in/v2/014e2d3e-3610-59aa-bb4c-ba8a16a64489/b620bab7-3724-49ae-9c5b-78aa09ef4c44/p6SpPHnjmPs0EGNS_ZkfepQ52TM.jpg,2023-05-01T08:00:28.000Z,cars.com scrapper,2023-05-03T22:26:45.376Z
23-009,11,https://platform.cstatic-images.com/xlarge/in/v2/014e2d3e-3610-59aa-bb4c-ba8a16a64489/b620bab7-3724-49ae-9c5b-78aa09ef4c44/yBAb8L_YSIX6gZFPwkyB7JOsa38.jpg,2023-05-01T08:00:28.000Z,cars.com scrapper,2023-05-03T22:26:45.376Z
23-009,12,https://platform.cstatic-images.com/xlarge/in/v2/014e2d3e-3610-59aa-bb4c-ba8a16a64489/b620bab7-3724-49ae-9c5b-78aa09ef4c44/n6fGLXpGnxBr5axLm-7Pj1H0ZkE.jpg,2023-05-01T08:00:28.000Z,cars.com scrapper,2023-05-03T22:26:45.376Z
23-009,13,https://platform.cstatic-images.com/xlarge/in/v2/014e2d3e-3610-59aa-bb4c-ba8a16a64489/b620bab7-3724-49ae-9c5b-78aa09ef4c44/iyMgaOyZXFdI2bZWp6be1Q3w5g0.jpg,2023-05-01T08:00:28.000Z,cars.com scrapper,2023-05-03T22:26:45.376Z
23-009,14,https://platform.cstatic-images.com/xlarge/in/v2/014e2d3e-3610-59aa-bb4c-ba8a16a64489/b620bab7-3724-49ae-9c5b-78aa09ef4c44/NMCi4VBttQXm-YIhSx7nyON-3nQ.jpg,2023-05-01T08:00:28.000Z,cars.com scrapper,2023-05-03T22:26:45.376Z
23-009,15,https://platform.cstatic-images.com/xlarge/in/v2/014e2d3e-3610-59aa-bb4c-ba8a16a64489/b620bab7-3724-49ae-9c5b-78aa09ef4c44/H35ghnNpFIR6wSY4A_oE4FokcfU.jpg,2023-05-01T08:00:28.000Z,cars.com scrapper,2023-05-03T22:26:45.376Z
KTSE514013,0,https://platform.cstatic-images.com/xlarge/in/v2/357f65fd-fbe3-54ba-b7e7-1f6cae8e2f52/9d0a8496-414f-4ea1-abb4-559ffb65c3de/CQUD-NYfi-MA42f2Aj9RWzlhrDc.jpg,2023-05-01T08:01:37.000Z,cars.com scrapper,2023-05-03T22:26:45.376Z
L20237443,0,https://platform.cstatic-images.com/xlarge/in/v2/9a057adb-e880-5c06-8b15-cf6199034a62/67bed230-d198-4199-8b1b-821803649075/UFSiCcpwvTC-VNHhhhwFsUjl_zc.jpg,2023-05-01T08:01:12.000Z,cars.com scrapper,2023-05-03T22:26:45.376Z
L20237443,1,https://platform.cstatic-images.com/xlarge/in/v2/9a057adb-e880-5c06-8b15-cf6199034a62/67bed230-d198-4199-8b1b-821803649075/JGrZRM31NkcslmMvQgzMNQJ2EkY.jpg,2023-05-01T08:01:12.000Z,cars.com scrapper,2023-05-03T22:26:45.376Z
L20237443,2,https://platform.cstatic-images.com/xlarge/in/v2/9a057adb-e880-5c06-8b15-cf6199034a62/67bed230-d198-4199-8b1b-821803649075/QL7SOyloowvgyY3tTWIkpw0nsUI.jpg,2023-05-01T08:01:12.000Z,cars.com scrapper,2023-05-03T22:26:45.376Z
T4669B,0,https://platform.cstatic-images.com/xlarge/in/v2/0067a8fc-c35a-5876-8852-8d1f331cc9bd/b3b0dd3d-6077-4c2f-ab59-451b94984706/0m3iRyt9tZIt4o26IsLzdjnCaSQ.jpg,2023-05-01T08:05:14.000Z,cars.com scrapper,2023-05-03T22:26:45.376Z
T4669B,1,https://platform.cstatic-images.com/xlarge/in/v2/0067a8fc-c35a-5876-8852-8d1f331cc9bd/b3b0dd3d-6077-4c2f-ab59-451b94984706/j1q3LbzPl-DT7AgXdPagph53da0.jpg,2023-05-01T08:05:14.000Z,cars.com scrapper,2023-05-03T22:26:45.376Z
T4669B,2,https://platform.cstatic-images.com/xlarge/in/v2/0067a8fc-c35a-5876-8852-8d1f331cc9bd/b3b0dd3d-6077-4c2f-ab59-451b94984706/7uo7p3evR4Fi-n93CVhXmX0BjJQ.jpg,2023-05-01T08:05:14.000Z,cars.com scrapper,2023-05-03T22:26:45.376Z
T4669B,3,https://platform.cstatic-images.com/xlarge/in/v2/0067a8fc-c35a-5876-8852-8d1f331cc9bd/b3b0dd3d-6077-4c2f-ab59-451b94984706/-5L0iw3LuC7XCU_ApeJtg45I2V8.jpg,2023-05-01T08:05:14.000Z,cars.com scrapper,2023-05-03T22:26:45.376Z
T4669B,4,https://platform.cstatic-images.com/xlarge/in/v2/0067a8fc-c35a-5876-8852-8d1f331cc9bd/b3b0dd3d-6077-4c2f-ab59-451b94984706/GnCkRtlPtdQ-jE3R-oJTd3JQPiE.jpg,2023-05-01T08:05:14.000Z,cars.com scrapper,2023-05-03T22:26:45.376Z
109427,0,https://platform.cstatic-images.com/xlarge/in/v2/9a8e3a36-c3cd-5d1f-a7dd-075a509ba6d6/1a4765a5-aae7-46af-ad88-d5bbe203a19d/7YQs200Hk0U2s4idpIKopOgA6zg.jpg,2023-05-01T08:01:41.000Z,cars.com scrapper,2023-05-03T22:26:45.376Z
109427,1,https://platform.cstatic-images.com/xlarge/in/v2/9a8e3a36-c3cd-5d1f-a7dd-075a509ba6d6/1a4765a5-aae7-46af-ad88-d5bbe203a19d/ev8-B3A_NUypxSgVfMBmr-nrZl0.jpg,2023-05-01T08:01:41.000Z,cars.com scrapper,2023-05-03T22:26:45.376Z
109427,2,https://platform.cstatic-images.com/xlarge/in/v2/9a8e3a36-c3cd-5d1f-a7dd-075a509ba6d6/1a4765a5-aae7-46af-ad88-d5bbe203a19d/adsRB6FdofwlnDdz8JTnzyNN1LM.jpg,2023-05-01T08:01:41.000Z,cars.com scrapper,2023-05-03T22:26:45.376Z
109427,3,https://platform.cstatic-images.com/xlarge/in/v2/9a8e3a36-c3cd-5d1f-a7dd-075a509ba6d6/1a4765a5-aae7-46af-ad88-d5bbe203a19d/XsNw0yJSeoqwMWLSgdJhln4QUn8.jpg,2023-05-01T08:01:41.000Z,cars.com scrapper,2023-05-03T22:26:45.376Z
109427,4,https://platform.cstatic-images.com/xlarge/in/v2/9a8e3a36-c3cd-5d1f-a7dd-075a509ba6d6/1a4765a5-aae7-46af-ad88-d5bbe203a19d/3TdP3Drf32YnEvRTgEvdKfGUNEI.jpg,2023-05-01T08:01:41.000Z,cars.com scrapper,2023-05-03T22:26:45.376Z
109427,5,https://platform.cstatic-images.com/xlarge/in/v2/9a8e3a36-c3cd-5d1f-a7dd-075a509ba6d6/1a4765a5-aae7-46af-ad88-d5bbe203a19d/mm0YXnd3bv1lnScLv2p5mkTvu0E.jpg,2023-05-01T08:01:41.000Z,cars.com scrapper,2023-05-03T22:26:45.376Z
109427,6,https://platform.cstatic-images.com/xlarge/in/v2/9a8e3a36-c3cd-5d1f-a7dd-075a509ba6d6/1a4765a5-aae7-46af-ad88-d5bbe203a19d/aR9uawgkIyz_NyqU_s-qsLuA27Q.jpg,2023-05-01T08:01:41.000Z,cars.com scrapper,2023-05-03T22:26:45.376Z
109427,7,https://platform.cstatic-images.com/xlarge/in/v2/9a8e3a36-c3cd-5d1f-a7dd-075a509ba6d6/1a4765a5-aae7-46af-ad88-d5bbe203a19d/bDK33sdDcskk3l_A_FHU92weMKs.jpg,2023-05-01T08:01:41.000Z,cars.com scrapper,2023-05-03T22:26:45.376Z
109427,8,https://platform.cstatic-images.com/xlarge/in/v2/9a8e3a36-c3cd-5d1f-a7dd-075a509ba6d6/1a4765a5-aae7-46af-ad88-d5bbe203a19d/p2LOlsrRZZXZ9IAIb4hAAA2_K88.jpg,2023-05-01T08:01:41.000Z,cars.com scrapper,2023-05-03T22:26:45.376Z
32784,0,https://platform.cstatic-images.com/xlarge/in/v2/8d7923f3-2942-5ca6-a43d-aa409bf241c1/152586d1-4958-4e2d-ad00-59f43d9a9bb5/uSNoJpewETxRRxkWSjdHFQUvAo0.jpg,2023-05-01T08:01:09.000Z,cars.com scrapper,2023-05-03T22:26:45.376Z
32784,1,https://platform.cstatic-images.com/xlarge/in/v2/8d7923f3-2942-5ca6-a43d-aa409bf241c1/152586d1-4958-4e2d-ad00-59f43d9a9bb5/SbRjDGninm5tbG4LGM-_FyAvUIA.jpg,2023-05-01T08:01:09.000Z,cars.com scrapper,2023-05-03T22:26:45.376Z
32784,2,https://platform.cstatic-images.com/xlarge/in/v2/8d7923f3-2942-5ca6-a43d-aa409bf241c1/152586d1-4958-4e2d-ad00-59f43d9a9bb5/dLqz5bNgXBJc9P8uYe7HuLthJe4.jpg,2023-05-01T08:01:09.000Z,cars.com scrapper,2023-05-03T22:26:45.376Z
32784,3,https://platform.cstatic-images.com/xlarge/in/v2/8d7923f3-2942-5ca6-a43d-aa409bf241c1/152586d1-4958-4e2d-ad00-59f43d9a9bb5/byAed5k-klq1d46e-KEH-H9AAsQ.jpg,2023-05-01T08:01:09.000Z,cars.com scrapper,2023-05-03T22:26:45.376Z
32784,4,https://platform.cstatic-images.com/xlarge/in/v2/8d7923f3-2942-5ca6-a43d-aa409bf241c1/152586d1-4958-4e2d-ad00-59f43d9a9bb5/c1Gbnjt67hvxRy0sug_yykfFMYk.jpg,2023-05-01T08:01:09.000Z,cars.com scrapper,2023-05-03T22:26:45.376Z
