card_id,category,item,scrap_date,source_id,dl_loaded_date
336054,Entertainment,Bluetooth,2023-05-01T08:00:40.000Z,cars.com scrapper,2023-05-03T22:26:45.376Z
336054,Safety,Brake Assist,2023-05-01T08:00:40.000Z,cars.com scrapper,2023-05-03T22:26:45.376Z
336054,Safety,Stability Control,2023-05-01T08:00:40.000Z,cars.com scrapper,2023-05-03T22:26:45.376Z
336054,features,These features are associated with this vehicle type. Contact the seller to confirm this specific vehicle has them.,2023-05-01T08:00:40.000Z,cars.com scrapper,2023-05-03T22:26:45.376Z
336054,features,**Clean Carfax**,2023-05-01T08:00:40.000Z,cars.com scrapper,2023-05-03T22:26:45.376Z
336054,features,**Local Trade**,2023-05-01T08:00:40.000Z,cars.com scrapper,2023-05-03T22:26:45.376Z
336054,features,**Low Miles**,2023-05-01T08:00:40.000Z,cars.com scrapper,2023-05-03T22:26:45.376Z
336054,features,**One Owner**,2023-05-01T08:00:40.000Z,cars.com scrapper,2023-05-03T22:26:45.376Z
336054,features,**Safety Checked**,2023-05-01T08:00:40.000Z,cars.com scrapper,2023-05-03T22:26:45.376Z
336054,features,**Weekly Special**,2023-05-01T08:00:40.000Z,cars.com scrapper,2023-05-03T22:26:45.376Z
336054,features,6 Speakers,2023-05-01T08:00:40.000Z,cars.com scrapper,2023-05-03T22:26:45.376Z
336054,features,ABS Brakes,2023-05-01T08:00:40.000Z,cars.com scrapper,2023-05-03T22:26:45.376Z
336054,features,AM/FM Radio,2023-05-01T08:00:40.000Z,cars.com scrapper,2023-05-03T22:26:45.376Z
336054,features,Air Conditioning,2023-05-01T08:00:40.000Z,cars.com scrapper,2023-05-03T22:26:45.376Z
336054,features,Bluetooth,2023-05-01T08:00:40.000Z,cars.com scrapper,2023-05-03T22:26:45.376Z
336054,features,Brake Assist,2023-05-01T08:00:40.000Z,cars.com scrapper,2023-05-03T22:26:45.376Z
336054,features,Bumpers: Body-Color,2023-05-01T08:00:40.000Z,cars.com scrapper,2023-05-03T22:26:45.376Z
336054,features,Carpeted Floormats,2023-05-01T08:00:40.000Z,cars.com scrapper,2023-05-03T22:26:45.376Z
336054,features,Driver Door Bin,2023-05-01T08:00:40.000Z,cars.com scrapper,2023-05-03T22:26:45.376Z
336054,features,Driver Vanity Mirror,2023-05-01T08:00:40.000Z,cars.com scrapper,2023-05-03T22:26:45.376Z
336054,features,Dual Front Impact Airbags,2023-05-01T08:00:40.000Z,cars.com scrapper,2023-05-03T22:26:45.376Z
336054,features,Dual Front Side Impact Airbags,2023-05-01T08:00:40.000Z,cars.com scrapper,2023-05-03T22:26:45.376Z
336054,features,Electronic Stability Control,2023-05-01T08:00:40.000Z,cars.com scrapper,2023-05-03T22:26:45.376Z
336054,features,Front Anti-Roll Bar,2023-05-01T08:00:40.000Z,cars.com scrapper,2023-05-03T22:26:45.376Z
336054,features,Front Bucket Seats,2023-05-01T08:00:40.000Z,cars.com scrapper,2023-05-03T22:26:45.376Z
336054,features,Front Center Armrest,2023-05-01T08:00:40.000Z,cars.com scrapper,2023-05-03T22:26:45.376Z
336054,features,Front Reading Lights,2023-05-01T08:00:40.000Z,cars.com scrapper,2023-05-03T22:26:45.376Z
336054,features,Front Wheel Independent Suspension,2023-05-01T08:00:40.000Z,cars.com scrapper,2023-05-03T22:26:45.376Z
336054,features,Fully Automatic Headlights,2023-05-01T08:00:40.000Z,cars.com scrapper,2023-05-03T22:26:45.376Z
336054,features,Heated Door Mirrors,2023-05-01T08:00:40.000Z,cars.com scrapper,2023-05-03T22:26:45.376Z
336054,features,Illuminated Entry,2023-05-01T08:00:40.000Z,cars.com scrapper,2023-05-03T22:26:45.376Z
336054,features,Low Tire Pressure Warning,2023-05-01T08:00:40.000Z,cars.com scrapper,2023-05-03T22:26:45.376Z
336054,features,Occupant Sensing Airbag,2023-05-01T08:00:40.000Z,cars.com scrapper,2023-05-03T22:26:45.376Z
336054,features,Outside Temperature Display,2023-05-01T08:00:40.000Z,cars.com scrapper,2023-05-03T22:26:45.376Z
336054,features,Overhead Airbag,2023-05-01T08:00:40.000Z,cars.com scrapper,2023-05-03T22:26:45.376Z
336054,features,Overhead Console,2023-05-01T08:00:40.000Z,cars.com scrapper,2023-05-03T22:26:45.376Z
336054,features,Panic Alarm,2023-05-01T08:00:40.000Z,cars.com scrapper,2023-05-03T22:26:45.376Z
336054,features,Passenger Door Bin,2023-05-01T08:00:40.000Z,cars.com scrapper,2023-05-03T22:26:45.376Z
336054,features,Passenger Vanity Mirror,2023-05-01T08:00:40.000Z,cars.com scrapper,2023-05-03T22:26:45.376Z
336054,features,Power Door Mirrors,2023-05-01T08:00:40.000Z,cars.com scrapper,2023-05-03T22:26:45.376Z
336054,features,Power Steering,2023-05-01T08:00:40.000Z,cars.com scrapper,2023-05-03T22:26:45.376Z
336054,features,Power Windows,2023-05-01T08:00:40.000Z,cars.com scrapper,2023-05-03T22:26:45.376Z
336054,features,Radio: Am/Fm/Mp3 Audio System,2023-05-01T08:00:40.000Z,cars.com scrapper,2023-05-03T22:26:45.376Z
336054,features,Rear Window Defroster,2023-05-01T08:00:40.000Z,cars.com scrapper,2023-05-03T22:26:45.376Z
336054,features,Rear Window Wiper,2023-05-01T08:00:40.000Z,cars.com scrapper,2023-05-03T22:26:45.376Z
336054,features,Remote Keyless Entry,2023-05-01T08:00:40.000Z,cars.com scrapper,2023-05-03T22:26:45.376Z
336054,features,Speed Control,2023-05-01T08:00:40.000Z,cars.com scrapper,2023-05-03T22:26:45.376Z
336054,features,Speed-Sensing Steering,2023-05-01T08:00:40.000Z,cars.com scrapper,2023-05-03T22:26:45.376Z
336054,features,Split Folding Rear Seat,2023-05-01T08:00:40.000Z,cars.com scrapper,2023-05-03T22:26:45.376Z
336054,features,Spoiler,2023-05-01T08:00:40.000Z,cars.com scrapper,2023-05-03T22:26:45.376Z
336054,features,Steering Wheel Mounted Audio Controls,2023-05-01T08:00:40.000Z,cars.com scrapper,2023-05-03T22:26:45.376Z
336054,features,Tachometer,2023-05-01T08:00:40.000Z,cars.com scrapper,2023-05-03T22:26:45.376Z
336054,features,Tilt Steering Wheel,2023-05-01T08:00:40.000Z,cars.com scrapper,2023-05-03T22:26:45.376Z
336054,features,Traction Control,2023-05-01T08:00:40.000Z,cars.com scrapper,2023-05-03T22:26:45.376Z
336054,features,Trip Computer,2023-05-01T08:00:40.000Z,cars.com scrapper,2023-05-03T22:26:45.376Z
336054,features,Variably Intermittent Wipers,2023-05-01T08:00:40.000Z,cars.com scrapper,2023-05-03T22:26:45.376Z
336054,features,Wheels: 15 X 5.5j Steel W/Full Covers,2023-05-01T08:00:40.000Z,cars.com scrapper,2023-05-03T22:26:45.376Z
336054,features,Woven Cloth Seat Trim,2023-05-01T08:00:40.000Z,cars.com scrapper,2023-05-03T22:26:45.376Z
H9895,Entertainment,Bluetooth,2023-05-01T08:01:18.000Z,cars.com scrapper,2023-05-03T22:26:45.376Z
H9895,Entertainment,Premium Sound System,2023-05-01T08:01:18.000Z,cars.com scrapper,2023-05-03T22:26:45.376Z
H9895,Safety,Backup Camera,2023-05-01T08:01:18.000Z,cars.com scrapper,2023-05-03T22:26:45.376Z
H9895,Safety,Stability Control,2023-05-01T08:01:18.000Z,cars.com scrapper,2023-05-03T22:26:45.376Z
H9895,Seating,Memory Seat,2023-05-01T08:01:18.000Z,cars.com scrapper,2023-05-03T22:26:45.376Z
H9895,features,These features are associated with this vehicle type. Contact the seller to confirm this specific vehicle has them.,2023-05-01T08:01:18.000Z,cars.com scrapper,2023-05-03T22:26:45.376Z
H9895,features,AM/FM,2023-05-01T08:01:18.000Z,cars.com scrapper,2023-05-03T22:26:45.376Z
H9895,features,Aux. Audio Input,2023-05-01T08:01:18.000Z,cars.com scrapper,2023-05-03T22:26:45.376Z
H9895,features,Bluetooth,2023-05-01T08:01:18.000Z,cars.com scrapper,2023-05-03T22:26:45.376Z
H9895,features,Center Arm Rest,2023-05-01T08:01:18.000Z,cars.com scrapper,2023-05-03T22:26:45.376Z
H9895,features,Clock,2023-05-01T08:01:18.000Z,cars.com scrapper,2023-05-03T22:26:45.376Z
H9895,features,Cruise Control,2023-05-01T08:01:18.000Z,cars.com scrapper,2023-05-03T22:26:45.376Z
H9895,features,Cup Holders,2023-05-01T08:01:18.000Z,cars.com scrapper,2023-05-03T22:26:45.376Z
H9895,features,Driver Airbag,2023-05-01T08:01:18.000Z,cars.com scrapper,2023-05-03T22:26:45.376Z
H9895,features,Intermittent Wipers,2023-05-01T08:01:18.000Z,cars.com scrapper,2023-05-03T22:26:45.376Z
H9895,features,Keyless Entry,2023-05-01T08:01:18.000Z,cars.com scrapper,2023-05-03T22:26:45.376Z
H9895,features,Memory Seat Position,2023-05-01T08:01:18.000Z,cars.com scrapper,2023-05-03T22:26:45.376Z
H9895,features,Passenger Airbag,2023-05-01T08:01:18.000Z,cars.com scrapper,2023-05-03T22:26:45.376Z
H9895,features,Power Steering,2023-05-01T08:01:18.000Z,cars.com scrapper,2023-05-03T22:26:45.376Z
H9895,features,Power Windows,2023-05-01T08:01:18.000Z,cars.com scrapper,2023-05-03T22:26:45.376Z
H9895,features,Premium Sound,2023-05-01T08:01:18.000Z,cars.com scrapper,2023-05-03T22:26:45.376Z
H9895,features,Reverse Camera,2023-05-01T08:01:18.000Z,cars.com scrapper,2023-05-03T22:26:45.376Z
H9895,features,Roll Stability Control,2023-05-01T08:01:18.000Z,cars.com scrapper,2023-05-03T22:26:45.376Z
H9895,features,Side Airbags,2023-05-01T08:01:18.000Z,cars.com scrapper,2023-05-03T22:26:45.376Z
H9895,features,Side Curtain Airbags,2023-05-01T08:01:18.000Z,cars.com scrapper,2023-05-03T22:26:45.376Z
H9895,features,SiriusXM Satellite Radio,2023-05-01T08:01:18.000Z,cars.com scrapper,2023-05-03T22:26:45.376Z
H9895,features,Steering Wheel Radio Controls,2023-05-01T08:01:18.000Z,cars.com scrapper,2023-05-03T22:26:45.376Z
H9895,features,Tachometer,2023-05-01T08:01:18.000Z,cars.com scrapper,2023-05-03T22:26:45.376Z
H9895,features,Tilt Steering Wheel,2023-05-01T08:01:18.000Z,cars.com scrapper,2023-05-03T22:26:45.376Z
H9895,features,Tinted Windows,2023-05-01T08:01:18.000Z,cars.com scrapper,2023-05-03T22:26:45.376Z
H9895,features,Tire Pressure Monitor,2023-05-01T08:01:18.000Z,cars.com scrapper,2023-05-03T22:26:45.376Z
H14771A,Entertainment,Apple CarPlay/Android Auto,2023-05-01T08:06:37.000Z,cars.com scrapper,2023-05-03T22:26:45.376Z
H14771A,Entertainment,Bluetooth,2023-05-01T08:06:37.000Z,cars.com scrapper,2023-05-03T22:26:45.376Z
H14771A,Exterior,Alloy Wheels,2023-05-01T08:06:37.000Z,cars.com scrapper,2023-05-03T22:26:45.376Z
H14771A,Safety,Backup Camera,2023-05-01T08:06:37.000Z,cars.com scrapper,2023-05-03T22:26:45.376Z
H14771A,Safety,Brake Assist,2023-05-01T08:06:37.000Z,cars.com scrapper,2023-05-03T22:26:45.376Z
H14771A,Safety,Stability Control,2023-05-01T08:06:37.000Z,cars.com scrapper,2023-05-03T22:26:45.376Z
H14771A,features,These features are associated with this vehicle type. Contact the seller to confirm this specific vehicle has them.,2023-05-01T08:06:37.000Z,cars.com scrapper,2023-05-03T22:26:45.376Z
H14771A,features,17 X 7.0j Alloy Wheels,2023-05-01T08:06:37.000Z,cars.com scrapper,2023-05-03T22:26:45.376Z
H14771A,features,4-Wheel Disc Brakes,2023-05-01T08:06:37.000Z,cars.com scrapper,2023-05-03T22:26:45.376Z
H14771A,features,5.715 Axle Ratio,2023-05-01T08:06:37.000Z,cars.com scrapper,2023-05-03T22:26:45.376Z
H14771A,features,6 Speakers,2023-05-01T08:06:37.000Z,cars.com scrapper,2023-05-03T22:26:45.376Z
H14771A,features,ABS Brakes,2023-05-01T08:06:37.000Z,cars.com scrapper,2023-05-03T22:26:45.376Z
H14771A,features,AM/FM Radio: Siriusxm,2023-05-01T08:06:37.000Z,cars.com scrapper,2023-05-03T22:26:45.376Z
H14771A,features,Air Conditioning,2023-05-01T08:06:37.000Z,cars.com scrapper,2023-05-03T22:26:45.376Z
H14771A,features,Alloy Wheels,2023-05-01T08:06:37.000Z,cars.com scrapper,2023-05-03T22:26:45.376Z
H14771A,features,Apple Car Play/ Android Auto,2023-05-01T08:06:37.000Z,cars.com scrapper,2023-05-03T22:26:45.376Z
H14771A,features,Apple Carplay & Android Auto,2023-05-01T08:06:37.000Z,cars.com scrapper,2023-05-03T22:26:45.376Z
H14771A,features,Bluetooth,2023-05-01T08:06:37.000Z,cars.com scrapper,2023-05-03T22:26:45.376Z
H14771A,features,Brake Assist,2023-05-01T08:06:37.000Z,cars.com scrapper,2023-05-03T22:26:45.376Z
H14771A,features,Bumpers: Body-Color,2023-05-01T08:06:37.000Z,cars.com scrapper,2023-05-03T22:26:45.376Z
H14771A,features,Cargo Net,2023-05-01T08:06:37.000Z,cars.com scrapper,2023-05-03T22:26:45.376Z
H14771A,features,Carpeted Floor Mats,2023-05-01T08:06:37.000Z,cars.com scrapper,2023-05-03T22:26:45.376Z
H14771A,features,Cloth Seat Trim,2023-05-01T08:06:37.000Z,cars.com scrapper,2023-05-03T22:26:45.376Z
H14771A,features,Completely Serviced And VA State Inspected,2023-05-01T08:06:37.000Z,cars.com scrapper,2023-05-03T22:26:45.376Z
H14771A,features,Delay-Off Headlights,2023-05-01T08:06:37.000Z,cars.com scrapper,2023-05-03T22:26:45.376Z
H14771A,features,Driver Door Bin,2023-05-01T08:06:37.000Z,cars.com scrapper,2023-05-03T22:26:45.376Z
H14771A,features,Driver Vanity Mirror,2023-05-01T08:06:37.000Z,cars.com scrapper,2023-05-03T22:26:45.376Z
H14771A,features,Dual Front Impact Airbags,2023-05-01T08:06:37.000Z,cars.com scrapper,2023-05-03T22:26:45.376Z
H14771A,features,Dual Front Side Impact Airbags,2023-05-01T08:06:37.000Z,cars.com scrapper,2023-05-03T22:26:45.376Z
H14771A,features,Electronic Stability Control,2023-05-01T08:06:37.000Z,cars.com scrapper,2023-05-03T22:26:45.376Z
H14771A,features,Emergency Communication System: Blue Link Connected Car Service (3-Year Comp...,2023-05-01T08:06:37.000Z,cars.com scrapper,2023-05-03T22:26:45.376Z
H14771A,features,Exterior Parking Camera Rear,2023-05-01T08:06:37.000Z,cars.com scrapper,2023-05-03T22:26:45.376Z
H14771A,features,Four Wheel Independent Suspension,2023-05-01T08:06:37.000Z,cars.com scrapper,2023-05-03T22:26:45.376Z
H14771A,features,Front Anti-Roll Bar,2023-05-01T08:06:37.000Z,cars.com scrapper,2023-05-03T22:26:45.376Z
H14771A,features,Front Bucket Seats,2023-05-01T08:06:37.000Z,cars.com scrapper,2023-05-03T22:26:45.376Z
H14771A,features,Front Center Armrest,2023-05-01T08:06:37.000Z,cars.com scrapper,2023-05-03T22:26:45.376Z
H14771A,features,Front Reading Lights,2023-05-01T08:06:37.000Z,cars.com scrapper,2023-05-03T22:26:45.376Z
H14771A,features,Fully Automatic Headlights,2023-05-01T08:06:37.000Z,cars.com scrapper,2023-05-03T22:26:45.376Z
H14771A,features,Heated Door Mirrors,2023-05-01T08:06:37.000Z,cars.com scrapper,2023-05-03T22:26:45.376Z
H14771A,features,Illuminated Entry,2023-05-01T08:06:37.000Z,cars.com scrapper,2023-05-03T22:26:45.376Z
H14771A,features,Low Tire Pressure Warning,2023-05-01T08:06:37.000Z,cars.com scrapper,2023-05-03T22:26:45.376Z
H14771A,features,Occupant Sensing Airbag,2023-05-01T08:06:37.000Z,cars.com scrapper,2023-05-03T22:26:45.376Z
H14771A,features,Option Group 01,2023-05-01T08:06:37.000Z,cars.com scrapper,2023-05-03T22:26:45.376Z
H14771A,features,Outside Temperature Display,2023-05-01T08:06:37.000Z,cars.com scrapper,2023-05-03T22:26:45.376Z
H14771A,features,Overhead Airbag,2023-05-01T08:06:37.000Z,cars.com scrapper,2023-05-03T22:26:45.376Z
H14771A,features,Overhead Console,2023-05-01T08:06:37.000Z,cars.com scrapper,2023-05-03T22:26:45.376Z
H14771A,features,Panic Alarm,2023-05-01T08:06:37.000Z,cars.com scrapper,2023-05-03T22:26:45.376Z
H14771A,features,Passenger Door Bin,2023-05-01T08:06:37.000Z,cars.com scrapper,2023-05-03T22:26:45.376Z
H14771A,features,Passenger Vanity Mirror,2023-05-01T08:06:37.000Z,cars.com scrapper,2023-05-03T22:26:45.376Z
H14771A,features,Power Door Mirrors,2023-05-01T08:06:37.000Z,cars.com scrapper,2023-05-03T22:26:45.376Z
H14771A,features,Power Driver Seat,2023-05-01T08:06:37.000Z,cars.com scrapper,2023-05-03T22:26:45.376Z
H14771A,features,Power Steering,2023-05-01T08:06:37.000Z,cars.com scrapper,2023-05-03T22:26:45.376Z
H14771A,features,Power Windows,2023-05-01T08:06:37.000Z,cars.com scrapper,2023-05-03T22:26:45.376Z
H14771A,features,Radio: Am/Fm/Hd/Siriusxm Audio System,2023-05-01T08:06:37.000Z,cars.com scrapper,2023-05-03T22:26:45.376Z
H14771A,features,Rear Anti-Roll Bar,2023-05-01T08:06:37.000Z,cars.com scrapper,2023-05-03T22:26:45.376Z
H14771A,features,Rear Seat Center Armrest,2023-05-01T08:06:37.000Z,cars.com scrapper,2023-05-03T22:26:45.376Z
H14771A,features,Rear Window Defroster,2023-05-01T08:06:37.000Z,cars.com scrapper,2023-05-03T22:26:45.376Z
H14771A,features,Rear Window Wiper,2023-05-01T08:06:37.000Z,cars.com scrapper,2023-05-03T22:26:45.376Z
H14771A,features,Remote Keyless Entry,2023-05-01T08:06:37.000Z,cars.com scrapper,2023-05-03T22:26:45.376Z
H14771A,features,Review/Back-Up Camera,2023-05-01T08:06:37.000Z,cars.com scrapper,2023-05-03T22:26:45.376Z
H14771A,features,Roof Rack Cross Rails,2023-05-01T08:06:37.000Z,cars.com scrapper,2023-05-03T22:26:45.376Z
H14771A,features,Roof Rack: Rails Only,2023-05-01T08:06:37.000Z,cars.com scrapper,2023-05-03T22:26:45.376Z
H14771A,features,Security System,2023-05-01T08:06:37.000Z,cars.com scrapper,2023-05-03T22:26:45.376Z
H14771A,features,SiriusXM Satellite Radio,2023-05-01T08:06:37.000Z,cars.com scrapper,2023-05-03T22:26:45.376Z
H14771A,features,Speed Control,2023-05-01T08:06:37.000Z,cars.com scrapper,2023-05-03T22:26:45.376Z
H14771A,features,Speed-Sensing Steering,2023-05-01T08:06:37.000Z,cars.com scrapper,2023-05-03T22:26:45.376Z
H14771A,features,Split Folding Rear Seat,2023-05-01T08:06:37.000Z,cars.com scrapper,2023-05-03T22:26:45.376Z
H14771A,features,Spoiler,2023-05-01T08:06:37.000Z,cars.com scrapper,2023-05-03T22:26:45.376Z
H14771A,features,Steering Wheel Mounted Audio Controls,2023-05-01T08:06:37.000Z,cars.com scrapper,2023-05-03T22:26:45.376Z
H14771A,features,Tachometer,2023-05-01T08:06:37.000Z,cars.com scrapper,2023-05-03T22:26:45.376Z
H14771A,features,Telescoping Steering Wheel,2023-05-01T08:06:37.000Z,cars.com scrapper,2023-05-03T22:26:45.376Z
H14771A,features,Tilt Steering Wheel,2023-05-01T08:06:37.000Z,cars.com scrapper,2023-05-03T22:26:45.376Z
H14771A,features,Traction Control,2023-05-01T08:06:37.000Z,cars.com scrapper,2023-05-03T22:26:45.376Z
H14771A,features,Trip Computer,2023-05-01T08:06:37.000Z,cars.com scrapper,2023-05-03T22:26:45.376Z
H14771A,features,Turn Signal Indicator Mirrors,2023-05-01T08:06:37.000Z,cars.com scrapper,2023-05-03T22:26:45.376Z
H14771A,features,Variably Intermittent Wipers,2023-05-01T08:06:37.000Z,cars.com scrapper,2023-05-03T22:26:45.376Z
J0038,Entertainment,Bluetooth,2023-05-01T08:01:16.000Z,cars.com scrapper,2023-05-03T22:26:45.376Z
J0038,Entertainment,Premium Sound System,2023-05-01T08:01:16.000Z,cars.com scrapper,2023-05-03T22:26:45.376Z
J0038,Safety,Backup Camera,2023-05-01T08:01:16.000Z,cars.com scrapper,2023-05-03T22:26:45.376Z
J0038,Safety,Stability Control,2023-05-01T08:01:16.000Z,cars.com scrapper,2023-05-03T22:26:45.376Z
J0038,Seating,Memory Seat,2023-05-01T08:01:16.000Z,cars.com scrapper,2023-05-03T22:26:45.376Z
J0038,features,These features are associated with this vehicle type. Contact the seller to confirm this specific vehicle has them.,2023-05-01T08:01:16.000Z,cars.com scrapper,2023-05-03T22:26:45.376Z
J0038,features,ABS Brakes,2023-05-01T08:01:16.000Z,cars.com scrapper,2023-05-03T22:26:45.376Z
J0038,features,AM/FM,2023-05-01T08:01:16.000Z,cars.com scrapper,2023-05-03T22:26:45.376Z
J0038,features,Bluetooth,2023-05-01T08:01:16.000Z,cars.com scrapper,2023-05-03T22:26:45.376Z
J0038,features,Child Proof Door Locks,2023-05-01T08:01:16.000Z,cars.com scrapper,2023-05-03T22:26:45.376Z
J0038,features,Climate Control,2023-05-01T08:01:16.000Z,cars.com scrapper,2023-05-03T22:26:45.376Z
J0038,features,Clock,2023-05-01T08:01:16.000Z,cars.com scrapper,2023-05-03T22:26:45.376Z
J0038,features,Cruise Control,2023-05-01T08:01:16.000Z,cars.com scrapper,2023-05-03T22:26:45.376Z
J0038,features,Daytime Running Lights,2023-05-01T08:01:16.000Z,cars.com scrapper,2023-05-03T22:26:45.376Z
J0038,features,Driver Airbag,2023-05-01T08:01:16.000Z,cars.com scrapper,2023-05-03T22:26:45.376Z
J0038,features,Fog Lights,2023-05-01T08:01:16.000Z,cars.com scrapper,2023-05-03T22:26:45.376Z
J0038,features,Heated Mirrors,2023-05-01T08:01:16.000Z,cars.com scrapper,2023-05-03T22:26:45.376Z
J0038,features,Intermittent Wipers,2023-05-01T08:01:16.000Z,cars.com scrapper,2023-05-03T22:26:45.376Z
J0038,features,Leather Steering Wheel,2023-05-01T08:01:16.000Z,cars.com scrapper,2023-05-03T22:26:45.376Z
J0038,features,Memory Seat Position,2023-05-01T08:01:16.000Z,cars.com scrapper,2023-05-03T22:26:45.376Z
J0038,features,Parking Sensors,2023-05-01T08:01:16.000Z,cars.com scrapper,2023-05-03T22:26:45.376Z
J0038,features,Passenger Airbag,2023-05-01T08:01:16.000Z,cars.com scrapper,2023-05-03T22:26:45.376Z
J0038,features,Power Mirrors,2023-05-01T08:01:16.000Z,cars.com scrapper,2023-05-03T22:26:45.376Z
J0038,features,Power Steering,2023-05-01T08:01:16.000Z,cars.com scrapper,2023-05-03T22:26:45.376Z
J0038,features,Premium Sound,2023-05-01T08:01:16.000Z,cars.com scrapper,2023-05-03T22:26:45.376Z
J0038,features,Rear Defogger,2023-05-01T08:01:16.000Z,cars.com scrapper,2023-05-03T22:26:45.376Z
J0038,features,Rear Wipers,2023-05-01T08:01:16.000Z,cars.com scrapper,2023-05-03T22:26:45.376Z
J0038,features,Rear-Side Airbags,2023-05-01T08:01:16.000Z,cars.com scrapper,2023-05-03T22:26:45.376Z
J0038,features,Remote Fuel Door,2023-05-01T08:01:16.000Z,cars.com scrapper,2023-05-03T22:26:45.376Z
J0038,features,Remote Trunk Lid,2023-05-01T08:01:16.000Z,cars.com scrapper,2023-05-03T22:26:45.376Z
J0038,features,Reverse Camera,2023-05-01T08:01:16.000Z,cars.com scrapper,2023-05-03T22:26:45.376Z
J0038,features,Roll Stability Control,2023-05-01T08:01:16.000Z,cars.com scrapper,2023-05-03T22:26:45.376Z
J0038,features,Side Curtain Airbags,2023-05-01T08:01:16.000Z,cars.com scrapper,2023-05-03T22:26:45.376Z
J0038,features,Steering Wheel Radio Controls,2023-05-01T08:01:16.000Z,cars.com scrapper,2023-05-03T22:26:45.376Z
J0038,features,Tachometer,2023-05-01T08:01:16.000Z,cars.com scrapper,2023-05-03T22:26:45.376Z
J0038,features,Telescoping Steering Wheel,2023-05-01T08:01:16.000Z,cars.com scrapper,2023-05-03T22:26:45.376Z
J0038,features,Tire Pressure Monitor,2023-05-01T08:01:16.000Z,cars.com scrapper,2023-05-03T22:26:45.376Z
J0038,features,Vanity Mirrors,2023-05-01T08:01:16.000Z,cars.com scrapper,2023-05-03T22:26:45.376Z
P7075376A,Safety,Backup Camera,2023-05-01T08:01:33.000Z,cars.com scrapper,2023-05-03T22:26:45.376Z
P7075376A,Safety,Brake Assist,2023-05-01T08:01:33.000Z,cars.com scrapper,2023-05-03T22:26:45.376Z
P7075376A,Safety,Stability Control,2023-05-01T08:01:33.000Z,cars.com scrapper,2023-05-03T22:26:45.376Z
P7075376A,features,These features are associated with this vehicle type. Contact the seller to confirm this specific vehicle has them.,2023-05-01T08:01:33.000Z,cars.com scrapper,2023-05-03T22:26:45.376Z
P7075376A,features,15 Steel Wheels,2023-05-01T08:01:33.000Z,cars.com scrapper,2023-05-03T22:26:45.376Z
P7075376A,features,4 Speakers,2023-05-01T08:01:33.000Z,cars.com scrapper,2023-05-03T22:26:45.376Z
P7075376A,features,4-Wheel Disc Brakes,2023-05-01T08:01:33.000Z,cars.com scrapper,2023-05-03T22:26:45.376Z
P7075376A,features,ABS Brakes,2023-05-01T08:01:33.000Z,cars.com scrapper,2023-05-03T22:26:45.376Z
P7075376A,features,AM/FM Radio,2023-05-01T08:01:33.000Z,cars.com scrapper,2023-05-03T22:26:45.376Z
P7075376A,features,Air Conditioning,2023-05-01T08:01:33.000Z,cars.com scrapper,2023-05-03T22:26:45.376Z
P7075376A,features,Auto High-Beam Headlights,2023-05-01T08:01:33.000Z,cars.com scrapper,2023-05-03T22:26:45.376Z
P7075376A,features,Backup Camera,2023-05-01T08:01:33.000Z,cars.com scrapper,2023-05-03T22:26:45.376Z
P7075376A,features,Brake Assist,2023-05-01T08:01:33.000Z,cars.com scrapper,2023-05-03T22:26:45.376Z
P7075376A,features,Bumpers: Body-Color,2023-05-01T08:01:33.000Z,cars.com scrapper,2023-05-03T22:26:45.376Z
P7075376A,features,Cloth Seat Trim,2023-05-01T08:01:33.000Z,cars.com scrapper,2023-05-03T22:26:45.376Z
P7075376A,features,Delay-Off Headlights,2023-05-01T08:01:33.000Z,cars.com scrapper,2023-05-03T22:26:45.376Z
P7075376A,features,Driver Door Bin,2023-05-01T08:01:33.000Z,cars.com scrapper,2023-05-03T22:26:45.376Z
P7075376A,features,Driver Vanity Mirror,2023-05-01T08:01:33.000Z,cars.com scrapper,2023-05-03T22:26:45.376Z
P7075376A,features,Dual Front Impact Airbags,2023-05-01T08:01:33.000Z,cars.com scrapper,2023-05-03T22:26:45.376Z
P7075376A,features,Dual Front Side Impact Airbags,2023-05-01T08:01:33.000Z,cars.com scrapper,2023-05-03T22:26:45.376Z
P7075376A,features,Electronic Stability Control,2023-05-01T08:01:33.000Z,cars.com scrapper,2023-05-03T22:26:45.376Z
P7075376A,features,Exterior Parking Camera Rear,2023-05-01T08:01:33.000Z,cars.com scrapper,2023-05-03T22:26:45.376Z
P7075376A,features,Front Anti-Roll Bar,2023-05-01T08:01:33.000Z,cars.com scrapper,2023-05-03T22:26:45.376Z
P7075376A,features,Front Bucket Seats,2023-05-01T08:01:33.000Z,cars.com scrapper,2023-05-03T22:26:45.376Z
P7075376A,features,Front Center Armrest,2023-05-01T08:01:33.000Z,cars.com scrapper,2023-05-03T22:26:45.376Z
P7075376A,features,Front Reading Lights,2023-05-01T08:01:33.000Z,cars.com scrapper,2023-05-03T22:26:45.376Z
P7075376A,features,Front Wheel Independent Suspension,2023-05-01T08:01:33.000Z,cars.com scrapper,2023-05-03T22:26:45.376Z
P7075376A,features,Fully Automatic Headlights,2023-05-01T08:01:33.000Z,cars.com scrapper,2023-05-03T22:26:45.376Z
P7075376A,features,Illuminated Entry,2023-05-01T08:01:33.000Z,cars.com scrapper,2023-05-03T22:26:45.376Z
P7075376A,features,Low Tire Pressure Warning,2023-05-01T08:01:33.000Z,cars.com scrapper,2023-05-03T22:26:45.376Z
P7075376A,features,Occupant Sensing Airbag,2023-05-01T08:01:33.000Z,cars.com scrapper,2023-05-03T22:26:45.376Z
P7075376A,features,Outside Temperature Display,2023-05-01T08:01:33.000Z,cars.com scrapper,2023-05-03T22:26:45.376Z
P7075376A,features,Overhead Airbag,2023-05-01T08:01:33.000Z,cars.com scrapper,2023-05-03T22:26:45.376Z
P7075376A,features,Overhead Console,2023-05-01T08:01:33.000Z,cars.com scrapper,2023-05-03T22:26:45.376Z
P7075376A,features,Panic Alarm,2023-05-01T08:01:33.000Z,cars.com scrapper,2023-05-03T22:26:45.376Z
P7075376A,features,Passenger Door Bin,2023-05-01T08:01:33.000Z,cars.com scrapper,2023-05-03T22:26:45.376Z
P7075376A,features,Passenger Vanity Mirror,2023-05-01T08:01:33.000Z,cars.com scrapper,2023-05-03T22:26:45.376Z
P7075376A,features,Power Door Mirrors,2023-05-01T08:01:33.000Z,cars.com scrapper,2023-05-03T22:26:45.376Z
P7075376A,features,Power Mirror Package,2023-05-01T08:01:33.000Z,cars.com scrapper,2023-05-03T22:26:45.376Z
P7075376A,features,Power Steering,2023-05-01T08:01:33.000Z,cars.com scrapper,2023-05-03T22:26:45.376Z
P7075376A,features,Power Windows,2023-05-01T08:01:33.000Z,cars.com scrapper,2023-05-03T22:26:45.376Z
P7075376A,features,Radio Data System,2023-05-01T08:01:33.000Z,cars.com scrapper,2023-05-03T22:26:45.376Z
P7075376A,features,Radio: HD Display Audio,2023-05-01T08:01:33.000Z,cars.com scrapper,2023-05-03T22:26:45.376Z
P7075376A,features,Rear Window Defroster,2023-05-01T08:01:33.000Z,cars.com scrapper,2023-05-03T22:26:45.376Z
P7075376A,features,Remote Keyless Entry,2023-05-01T08:01:33.000Z,cars.com scrapper,2023-05-03T22:26:45.376Z
P7075376A,features,Security System,2023-05-01T08:01:33.000Z,cars.com scrapper,2023-05-03T22:26:45.376Z
P7075376A,features,Speed Control,2023-05-01T08:01:33.000Z,cars.com scrapper,2023-05-03T22:26:45.376Z
P7075376A,features,Steering Wheel Mounted Audio Controls,2023-05-01T08:01:33.000Z,cars.com scrapper,2023-05-03T22:26:45.376Z
P7075376A,features,Tachometer,2023-05-01T08:01:33.000Z,cars.com scrapper,2023-05-03T22:26:45.376Z
P7075376A,features,Telescoping Steering Wheel,2023-05-01T08:01:33.000Z,cars.com scrapper,2023-05-03T22:26:45.376Z
P7075376A,features,Tilt Steering Wheel,2023-05-01T08:01:33.000Z,cars.com scrapper,2023-05-03T22:26:45.376Z
P7075376A,features,Traction Control,2023-05-01T08:01:33.000Z,cars.com scrapper,2023-05-03T22:26:45.376Z
P7075376A,features,Trip Computer,2023-05-01T08:01:33.000Z,cars.com scrapper,2023-05-03T22:26:45.376Z
P7075376A,features,Variably Intermittent Wipers,2023-05-01T08:01:33.000Z,cars.com scrapper,2023-05-03T22:26:45.376Z
838695,Entertainment,Bluetooth,2023-05-01T08:05:00.000Z,cars.com scrapper,2023-05-03T22:26:45.376Z
838695,Safety,Backup Camera,2023-05-01T08:05:00.000Z,cars.com scrapper,2023-05-03T22:26:45.376Z
838695,features,These features are associated with this vehicle type. Contact the seller to confirm this specific vehicle has them.,2023-05-01T08:05:00.000Z,cars.com scrapper,2023-05-03T22:26:45.376Z
838695,features,ABS Brakes,2023-05-01T08:05:00.000Z,cars.com scrapper,2023-05-03T22:26:45.376Z
838695,features,Backup Camera,2023-05-01T08:05:00.000Z,cars.com scrapper,2023-05-03T22:26:45.376Z
838695,features,Bluetooth Connectivity,2023-05-01T08:05:00.000Z,cars.com scrapper,2023-05-03T22:26:45.376Z
838695,features,Child Safety Door Locks,2023-05-01T08:05:00.000Z,cars.com scrapper,2023-05-03T22:26:45.376Z
838695,features,Cruise Control,2023-05-01T08:05:00.000Z,cars.com scrapper,2023-05-03T22:26:45.376Z
838695,features,Driver Airbag,2023-05-01T08:05:00.000Z,cars.com scrapper,2023-05-03T22:26:45.376Z
838695,features,Keyless Entry System,2023-05-01T08:05:00.000Z,cars.com scrapper,2023-05-03T22:26:45.376Z
838695,features,Passenger Airbag,2023-05-01T08:05:00.000Z,cars.com scrapper,2023-05-03T22:26:45.376Z
838695,features,Radio Controls On Steering Wheel,2023-05-01T08:05:00.000Z,cars.com scrapper,2023-05-03T22:26:45.376Z
838695,features,Smart Device Integration,2023-05-01T08:05:00.000Z,cars.com scrapper,2023-05-03T22:26:45.376Z
838695,features,Steel Wheels,2023-05-01T08:05:00.000Z,cars.com scrapper,2023-05-03T22:26:45.376Z
702073A,Convenience,Heated Seats,2023-05-01T08:02:52.000Z,cars.com scrapper,2023-05-03T22:26:45.376Z
702073A,Convenience,Navigation System,2023-05-01T08:02:52.000Z,cars.com scrapper,2023-05-03T22:26:45.376Z
702073A,Entertainment,Apple CarPlay/Android Auto,2023-05-01T08:02:52.000Z,cars.com scrapper,2023-05-03T22:26:45.376Z
702073A,Entertainment,Bluetooth,2023-05-01T08:02:52.000Z,cars.com scrapper,2023-05-03T22:26:45.376Z
702073A,Exterior,Alloy Wheels,2023-05-01T08:02:52.000Z,cars.com scrapper,2023-05-03T22:26:45.376Z
702073A,Exterior,Sunroof/Moonroof,2023-05-01T08:02:52.000Z,cars.com scrapper,2023-05-03T22:26:45.376Z
702073A,Safety,Backup Camera,2023-05-01T08:02:52.000Z,cars.com scrapper,2023-05-03T22:26:45.376Z
702073A,Safety,Brake Assist,2023-05-01T08:02:52.000Z,cars.com scrapper,2023-05-03T22:26:45.376Z
702073A,Safety,Stability Control,2023-05-01T08:02:52.000Z,cars.com scrapper,2023-05-03T22:26:45.376Z
702073A,Seating,Leather Seats,2023-05-01T08:02:52.000Z,cars.com scrapper,2023-05-03T22:26:45.376Z
702073A,Seating,Memory Seat,2023-05-01T08:02:52.000Z,cars.com scrapper,2023-05-03T22:26:45.376Z
702073A,features,These features are associated with this vehicle type. Contact the seller to confirm this specific vehicle has them.,2023-05-01T08:02:52.000Z,cars.com scrapper,2023-05-03T22:26:45.376Z
702073A,features,17 X 7.0j Alloy Wheels,2023-05-01T08:02:52.000Z,cars.com scrapper,2023-05-03T22:26:45.376Z
702073A,features,4-Wheel Disc Brakes,2023-05-01T08:02:52.000Z,cars.com scrapper,2023-05-03T22:26:45.376Z
702073A,features,8 Speakers,2023-05-01T08:02:52.000Z,cars.com scrapper,2023-05-03T22:26:45.376Z
702073A,features,ABS Brakes,2023-05-01T08:02:52.000Z,cars.com scrapper,2023-05-03T22:26:45.376Z
702073A,features,AM/FM Radio: Siriusxm,2023-05-01T08:02:52.000Z,cars.com scrapper,2023-05-03T22:26:45.376Z
702073A,features,Air Conditioning,2023-05-01T08:02:52.000Z,cars.com scrapper,2023-05-03T22:26:45.376Z
702073A,features,Alloy Wheels,2023-05-01T08:02:52.000Z,cars.com scrapper,2023-05-03T22:26:45.376Z
702073A,features,Applink/Apple Carplay And Android Auto,2023-05-01T08:02:52.000Z,cars.com scrapper,2023-05-03T22:26:45.376Z
702073A,features,Auto High-Beam Headlights,2023-05-01T08:02:52.000Z,cars.com scrapper,2023-05-03T22:26:45.376Z
702073A,features,Auto-Dimming Rear-View Mirror,2023-05-01T08:02:52.000Z,cars.com scrapper,2023-05-03T22:26:45.376Z
702073A,features,Automatic Temperature Control,2023-05-01T08:02:52.000Z,cars.com scrapper,2023-05-03T22:26:45.376Z
702073A,features,Back Up Camera,2023-05-01T08:02:52.000Z,cars.com scrapper,2023-05-03T22:26:45.376Z
702073A,features,Bluetooth / Iphone Integration,2023-05-01T08:02:52.000Z,cars.com scrapper,2023-05-03T22:26:45.376Z
702073A,features,Brake Assist,2023-05-01T08:02:52.000Z,cars.com scrapper,2023-05-03T22:26:45.376Z
702073A,features,Bumpers: Body-Color,2023-05-01T08:02:52.000Z,cars.com scrapper,2023-05-03T22:26:45.376Z
702073A,features,Delay-Off Headlights,2023-05-01T08:02:52.000Z,cars.com scrapper,2023-05-03T22:26:45.376Z
702073A,features,Driver Door Bin,2023-05-01T08:02:52.000Z,cars.com scrapper,2023-05-03T22:26:45.376Z
702073A,features,Driver Vanity Mirror,2023-05-01T08:02:52.000Z,cars.com scrapper,2023-05-03T22:26:45.376Z
702073A,features,Dual Front Impact Airbags,2023-05-01T08:02:52.000Z,cars.com scrapper,2023-05-03T22:26:45.376Z
702073A,features,Dual Front Side Impact Airbags,2023-05-01T08:02:52.000Z,cars.com scrapper,2023-05-03T22:26:45.376Z
702073A,features,Electronic Stability Control,2023-05-01T08:02:52.000Z,cars.com scrapper,2023-05-03T22:26:45.376Z
702073A,features,Emergency Communication System: Blue Link Connected Car Service (3-Year Comp...,2023-05-01T08:02:52.000Z,cars.com scrapper,2023-05-03T22:26:45.376Z
702073A,features,Exterior Parking Camera Rear,2023-05-01T08:02:52.000Z,cars.com scrapper,2023-05-03T22:26:45.376Z
702073A,features,Front Anti-Roll Bar,2023-05-01T08:02:52.000Z,cars.com scrapper,2023-05-03T22:26:45.376Z
702073A,features,Front Bucket Seats,2023-05-01T08:02:52.000Z,cars.com scrapper,2023-05-03T22:26:45.376Z
702073A,features,Front Center Armrest,2023-05-01T08:02:52.000Z,cars.com scrapper,2023-05-03T22:26:45.376Z
702073A,features,Front Dual Zone A/C,2023-05-01T08:02:52.000Z,cars.com scrapper,2023-05-03T22:26:45.376Z
702073A,features,Front Reading Lights,2023-05-01T08:02:52.000Z,cars.com scrapper,2023-05-03T22:26:45.376Z
702073A,features,Front Wheel Independent Suspension,2023-05-01T08:02:52.000Z,cars.com scrapper,2023-05-03T22:26:45.376Z
702073A,features,Fully Automatic Headlights,2023-05-01T08:02:52.000Z,cars.com scrapper,2023-05-03T22:26:45.376Z
702073A,features,Heated & Ventilated Front Bucket Seats,2023-05-01T08:02:52.000Z,cars.com scrapper,2023-05-03T22:26:45.376Z
702073A,features,Heated Door Mirrors,2023-05-01T08:02:52.000Z,cars.com scrapper,2023-05-03T22:26:45.376Z
702073A,features,Heated Front Seats,2023-05-01T08:02:52.000Z,cars.com scrapper,2023-05-03T22:26:45.376Z
702073A,features,Illuminated Entry,2023-05-01T08:02:52.000Z,cars.com scrapper,2023-05-03T22:26:45.376Z
702073A,features,Leather Seat Trim,2023-05-01T08:02:52.000Z,cars.com scrapper,2023-05-03T22:26:45.376Z
702073A,features,Leather Shift Knob,2023-05-01T08:02:52.000Z,cars.com scrapper,2023-05-03T22:26:45.376Z
702073A,features,Low Tire Pressure Warning,2023-05-01T08:02:52.000Z,cars.com scrapper,2023-05-03T22:26:45.376Z
702073A,features,Memory Seat,2023-05-01T08:02:52.000Z,cars.com scrapper,2023-05-03T22:26:45.376Z
702073A,features,Navigation System,2023-05-01T08:02:52.000Z,cars.com scrapper,2023-05-03T22:26:45.376Z
702073A,features,Occupant Sensing Airbag,2023-05-01T08:02:52.000Z,cars.com scrapper,2023-05-03T22:26:45.376Z
702073A,features,Outside Temperature Display,2023-05-01T08:02:52.000Z,cars.com scrapper,2023-05-03T22:26:45.376Z
702073A,features,Overhead Airbag,2023-05-01T08:02:52.000Z,cars.com scrapper,2023-05-03T22:26:45.376Z
702073A,features,Overhead Console,2023-05-01T08:02:52.000Z,cars.com scrapper,2023-05-03T22:26:45.376Z
702073A,features,Panic Alarm,2023-05-01T08:02:52.000Z,cars.com scrapper,2023-05-03T22:26:45.376Z
702073A,features,Passenger Door Bin,2023-05-01T08:02:52.000Z,cars.com scrapper,2023-05-03T22:26:45.376Z
702073A,features,Passenger Vanity Mirror,2023-05-01T08:02:52.000Z,cars.com scrapper,2023-05-03T22:26:45.376Z
702073A,features,Power Door Mirrors,2023-05-01T08:02:52.000Z,cars.com scrapper,2023-05-03T22:26:45.376Z
702073A,features,Power Driver Seat,2023-05-01T08:02:52.000Z,cars.com scrapper,2023-05-03T22:26:45.376Z
702073A,features,Power Moonroof,2023-05-01T08:02:52.000Z,cars.com scrapper,2023-05-03T22:26:45.376Z
702073A,features,Power Steering,2023-05-01T08:02:52.000Z,cars.com scrapper,2023-05-03T22:26:45.376Z
702073A,features,Power Windows,2023-05-01T08:02:52.000Z,cars.com scrapper,2023-05-03T22:26:45.376Z
702073A,features,Radio: Am/Fm/Hd/Siriusxm Display Audio,2023-05-01T08:02:52.000Z,cars.com scrapper,2023-05-03T22:26:45.376Z
702073A,features,Rear Seat Center Armrest,2023-05-01T08:02:52.000Z,cars.com scrapper,2023-05-03T22:26:45.376Z
702073A,features,Rear Window Defroster,2023-05-01T08:02:52.000Z,cars.com scrapper,2023-05-03T22:26:45.376Z
702073A,features,Remote Keyless Entry,2023-05-01T08:02:52.000Z,cars.com scrapper,2023-05-03T22:26:45.376Z
702073A,features,Security System,2023-05-01T08:02:52.000Z,cars.com scrapper,2023-05-03T22:26:45.376Z
702073A,features,Speed Control,2023-05-01T08:02:52.000Z,cars.com scrapper,2023-05-03T22:26:45.376Z
702073A,features,Speed-Sensing Steering,2023-05-01T08:02:52.000Z,cars.com scrapper,2023-05-03T22:26:45.376Z
702073A,features,Split Folding Rear Seat,2023-05-01T08:02:52.000Z,cars.com scrapper,2023-05-03T22:26:45.376Z
702073A,features,Steering Wheel Mounted Audio Controls,2023-05-01T08:02:52.000Z,cars.com scrapper,2023-05-03T22:26:45.376Z
702073A,features,Tachometer,2023-05-01T08:02:52.000Z,cars.com scrapper,2023-05-03T22:26:45.376Z
702073A,features,Telescoping Steering Wheel,2023-05-01T08:02:52.000Z,cars.com scrapper,2023-05-03T22:26:45.376Z
702073A,features,Tilt Steering Wheel,2023-05-01T08:02:52.000Z,cars.com scrapper,2023-05-03T22:26:45.376Z
702073A,features,Traction Control,2023-05-01T08:02:52.000Z,cars.com scrapper,2023-05-03T22:26:45.376Z
702073A,features,Trip Computer,2023-05-01T08:02:52.000Z,cars.com scrapper,2023-05-03T22:26:45.376Z
702073A,features,Turn Signal Indicator Mirrors,2023-05-01T08:02:52.000Z,cars.com scrapper,2023-05-03T22:26:45.376Z
702073A,features,Variably Intermittent Wipers,2023-05-01T08:02:52.000Z,cars.com scrapper,2023-05-03T22:26:45.376Z
702073A,features,Ventilated Front Seats,2023-05-01T08:02:52.000Z,cars.com scrapper,2023-05-03T22:26:45.376Z
11451,Convenience,Keyless Start,2023-05-01T08:03:21.000Z,cars.com scrapper,2023-05-03T22:26:45.376Z
11451,Convenience,Remote Start,2023-05-01T08:03:21.000Z,cars.com scrapper,2023-05-03T22:26:45.376Z
11451,Entertainment,Apple CarPlay/Android Auto,2023-05-01T08:03:21.000Z,cars.com scrapper,2023-05-03T22:26:45.376Z
11451,Entertainment,Bluetooth,2023-05-01T08:03:21.000Z,cars.com scrapper,2023-05-03T22:26:45.376Z
11451,Entertainment,USB Port,2023-05-01T08:03:21.000Z,cars.com scrapper,2023-05-03T22:26:45.376Z
11451,Exterior,Alloy Wheels,2023-05-01T08:03:21.000Z,cars.com scrapper,2023-05-03T22:26:45.376Z
11451,Safety,Automatic Emergency Braking,2023-05-01T08:03:21.000Z,cars.com scrapper,2023-05-03T22:26:45.376Z
11451,Safety,Backup Camera,2023-05-01T08:03:21.000Z,cars.com scrapper,2023-05-03T22:26:45.376Z
11451,Safety,Blind Spot Monitor,2023-05-01T08:03:21.000Z,cars.com scrapper,2023-05-03T22:26:45.376Z
11451,Safety,Brake Assist,2023-05-01T08:03:21.000Z,cars.com scrapper,2023-05-03T22:26:45.376Z
11451,Safety,Lane Departure Warning,2023-05-01T08:03:21.000Z,cars.com scrapper,2023-05-03T22:26:45.376Z
11451,Safety,Rear Cross Traffic Alert,2023-05-01T08:03:21.000Z,cars.com scrapper,2023-05-03T22:26:45.376Z
11451,Safety,Stability Control,2023-05-01T08:03:21.000Z,cars.com scrapper,2023-05-03T22:26:45.376Z
PU428334,Convenience,Heated Seats,2023-05-01T08:05:05.000Z,cars.com scrapper,2023-05-03T22:26:45.376Z
PU428334,Entertainment,Apple CarPlay/Android Auto,2023-05-01T08:05:05.000Z,cars.com scrapper,2023-05-03T22:26:45.376Z
PU428334,Entertainment,USB Port,2023-05-01T08:05:05.000Z,cars.com scrapper,2023-05-03T22:26:45.376Z
PU428334,Exterior,Alloy Wheels,2023-05-01T08:05:05.000Z,cars.com scrapper,2023-05-03T22:26:45.376Z
PU428334,Safety,Automatic Emergency Braking,2023-05-01T08:05:05.000Z,cars.com scrapper,2023-05-03T22:26:45.376Z
PU428334,Safety,Backup Camera,2023-05-01T08:05:05.000Z,cars.com scrapper,2023-05-03T22:26:45.376Z
PU428334,Safety,Brake Assist,2023-05-01T08:05:05.000Z,cars.com scrapper,2023-05-03T22:26:45.376Z
PU428334,Safety,Stability Control,2023-05-01T08:05:05.000Z,cars.com scrapper,2023-05-03T22:26:45.376Z
PU428334,features,These features are associated with this vehicle type. Contact the seller to confirm this specific vehicle has them.,2023-05-01T08:05:05.000Z,cars.com scrapper,2023-05-03T22:26:45.376Z
PU428334,features,16 X 6.5j Alloy Wheels,2023-05-01T08:05:05.000Z,cars.com scrapper,2023-05-03T22:26:45.376Z
PU428334,features,2nd Row Usb Charge Port,2023-05-01T08:05:05.000Z,cars.com scrapper,2023-05-03T22:26:45.376Z
PU428334,features,4-Wheel Disc Brakes,2023-05-01T08:05:05.000Z,cars.com scrapper,2023-05-03T22:26:45.376Z
PU428334,features,6 Speakers,2023-05-01T08:05:05.000Z,cars.com scrapper,2023-05-03T22:26:45.376Z
PU428334,features,ABS Brakes,2023-05-01T08:05:05.000Z,cars.com scrapper,2023-05-03T22:26:45.376Z
PU428334,features,AM/FM Radio: Siriusxm,2023-05-01T08:05:05.000Z,cars.com scrapper,2023-05-03T22:26:45.376Z
PU428334,features,Air Conditioning,2023-05-01T08:05:05.000Z,cars.com scrapper,2023-05-03T22:26:45.376Z
PU428334,features,Alloy Wheels,2023-05-01T08:05:05.000Z,cars.com scrapper,2023-05-03T22:26:45.376Z
PU428334,features,Apple Carplay & Android Auto,2023-05-01T08:05:05.000Z,cars.com scrapper,2023-05-03T22:26:45.376Z
PU428334,features,Auto High-Beam Headlights,2023-05-01T08:05:05.000Z,cars.com scrapper,2023-05-03T22:26:45.376Z
PU428334,features,Automatic Temperature Control,2023-05-01T08:05:05.000Z,cars.com scrapper,2023-05-03T22:26:45.376Z
PU428334,features,Brake Assist,2023-05-01T08:05:05.000Z,cars.com scrapper,2023-05-03T22:26:45.376Z
PU428334,features,Bumpers: Body-Color,2023-05-01T08:05:05.000Z,cars.com scrapper,2023-05-03T22:26:45.376Z
PU428334,features,Cloth Seat Trim,2023-05-01T08:05:05.000Z,cars.com scrapper,2023-05-03T22:26:45.376Z
PU428334,features,Convenience Package,2023-05-01T08:05:05.000Z,cars.com scrapper,2023-05-03T22:26:45.376Z
PU428334,features,Delay-Off Headlights,2023-05-01T08:05:05.000Z,cars.com scrapper,2023-05-03T22:26:45.376Z
PU428334,features,Driver Door Bin,2023-05-01T08:05:05.000Z,cars.com scrapper,2023-05-03T22:26:45.376Z
PU428334,features,Driver Vanity Mirror,2023-05-01T08:05:05.000Z,cars.com scrapper,2023-05-03T22:26:45.376Z
PU428334,features,Dual Front Impact Airbags,2023-05-01T08:05:05.000Z,cars.com scrapper,2023-05-03T22:26:45.376Z
PU428334,features,Dual Front Side Impact Airbags,2023-05-01T08:05:05.000Z,cars.com scrapper,2023-05-03T22:26:45.376Z
PU428334,features,Electronic Parking Brake,2023-05-01T08:05:05.000Z,cars.com scrapper,2023-05-03T22:26:45.376Z
PU428334,features,Electronic Stability Control,2023-05-01T08:05:05.000Z,cars.com scrapper,2023-05-03T22:26:45.376Z
PU428334,features,Emergency Communication System: Blue Link Connected Car Service (3-Year Comp...,2023-05-01T08:05:05.000Z,cars.com scrapper,2023-05-03T22:26:45.376Z
PU428334,features,Exterior Parking Camera Rear,2023-05-01T08:05:05.000Z,cars.com scrapper,2023-05-03T22:26:45.376Z
PU428334,features,First Aid Kit,2023-05-01T08:05:05.000Z,cars.com scrapper,2023-05-03T22:26:45.376Z
PU428334,features,Forward Collision Avoidance Assist,2023-05-01T08:05:05.000Z,cars.com scrapper,2023-05-03T22:26:45.376Z
PU428334,features,Front Anti-Roll Bar,2023-05-01T08:05:05.000Z,cars.com scrapper,2023-05-03T22:26:45.376Z
PU428334,features,Front Bucket Seats,2023-05-01T08:05:05.000Z,cars.com scrapper,2023-05-03T22:26:45.376Z
PU428334,features,Front Center Armrest,2023-05-01T08:05:05.000Z,cars.com scrapper,2023-05-03T22:26:45.376Z
PU428334,features,Front Dual Zone A/C,2023-05-01T08:05:05.000Z,cars.com scrapper,2023-05-03T22:26:45.376Z
PU428334,features,Front Reading Lights,2023-05-01T08:05:05.000Z,cars.com scrapper,2023-05-03T22:26:45.376Z
PU428334,features,Front Wheel Independent Suspension,2023-05-01T08:05:05.000Z,cars.com scrapper,2023-05-03T22:26:45.376Z
PU428334,features,Full 10.25 LCD Tft Cluster,2023-05-01T08:05:05.000Z,cars.com scrapper,2023-05-03T22:26:45.376Z
PU428334,features,Fully Automatic Headlights,2023-05-01T08:05:05.000Z,cars.com scrapper,2023-05-03T22:26:45.376Z
PU428334,features,Heated Front Seats,2023-05-01T08:05:05.000Z,cars.com scrapper,2023-05-03T22:26:45.376Z
PU428334,features,Heated Outside Mirrors,2023-05-01T08:05:05.000Z,cars.com scrapper,2023-05-03T22:26:45.376Z
PU428334,features,Illuminated Entry,2023-05-01T08:05:05.000Z,cars.com scrapper,2023-05-03T22:26:45.376Z
PU428334,features,LED Interior Lights,2023-05-01T08:05:05.000Z,cars.com scrapper,2023-05-03T22:26:45.376Z
PU428334,features,Leather-Wrapped Steering Wheel,2023-05-01T08:05:05.000Z,cars.com scrapper,2023-05-03T22:26:45.376Z
PU428334,features,Low Tire Pressure Warning,2023-05-01T08:05:05.000Z,cars.com scrapper,2023-05-03T22:26:45.376Z
PU428334,features,Occupant Sensing Airbag,2023-05-01T08:05:05.000Z,cars.com scrapper,2023-05-03T22:26:45.376Z
PU428334,features,One Owner,2023-05-01T08:05:05.000Z,cars.com scrapper,2023-05-03T22:26:45.376Z
PU428334,features,Option Group 02,2023-05-01T08:05:05.000Z,cars.com scrapper,2023-05-03T22:26:45.376Z
PU428334,features,Outside Temperature Display,2023-05-01T08:05:05.000Z,cars.com scrapper,2023-05-03T22:26:45.376Z
PU428334,features,Overhead Airbag,2023-05-01T08:05:05.000Z,cars.com scrapper,2023-05-03T22:26:45.376Z
PU428334,features,Panic Alarm,2023-05-01T08:05:05.000Z,cars.com scrapper,2023-05-03T22:26:45.376Z
PU428334,features,Passenger Door Bin,2023-05-01T08:05:05.000Z,cars.com scrapper,2023-05-03T22:26:45.376Z
PU428334,features,Passenger Vanity Mirror,2023-05-01T08:05:05.000Z,cars.com scrapper,2023-05-03T22:26:45.376Z
PU428334,features,Power Door Mirrors,2023-05-01T08:05:05.000Z,cars.com scrapper,2023-05-03T22:26:45.376Z
PU428334,features,Power Steering,2023-05-01T08:05:05.000Z,cars.com scrapper,2023-05-03T22:26:45.376Z
PU428334,features,Power Windows,2023-05-01T08:05:05.000Z,cars.com scrapper,2023-05-03T22:26:45.376Z
PU428334,features,Radio: Am/Fm/Hd/Siriusxm Audio System,2023-05-01T08:05:05.000Z,cars.com scrapper,2023-05-03T22:26:45.376Z
PU428334,features,Radio: Am/Fm/Hd/Siriusxm Display Audio,2023-05-01T08:05:05.000Z,cars.com scrapper,2023-05-03T22:26:45.376Z
PU428334,features,Rear Bumper Applique,2023-05-01T08:05:05.000Z,cars.com scrapper,2023-05-03T22:26:45.376Z
PU428334,features,Rear Window Defroster,2023-05-01T08:05:05.000Z,cars.com scrapper,2023-05-03T22:26:45.376Z
PU428334,features,Remote Keyless Entry,2023-05-01T08:05:05.000Z,cars.com scrapper,2023-05-03T22:26:45.376Z
PU428334,features,Reversible Cargo Tray,2023-05-01T08:05:05.000Z,cars.com scrapper,2023-05-03T22:26:45.376Z
PU428334,features,Security System,2023-05-01T08:05:05.000Z,cars.com scrapper,2023-05-03T22:26:45.376Z
PU428334,features,Smart Cruise Control W/Stop & Go,2023-05-01T08:05:05.000Z,cars.com scrapper,2023-05-03T22:26:45.376Z
PU428334,features,Speed Control,2023-05-01T08:05:05.000Z,cars.com scrapper,2023-05-03T22:26:45.376Z
PU428334,features,Speed-Sensing Steering,2023-05-01T08:05:05.000Z,cars.com scrapper,2023-05-03T22:26:45.376Z
PU428334,features,Steering Wheel Mounted Audio Controls,2023-05-01T08:05:05.000Z,cars.com scrapper,2023-05-03T22:26:45.376Z
PU428334,features,Tachometer,2023-05-01T08:05:05.000Z,cars.com scrapper,2023-05-03T22:26:45.376Z
PU428334,features,Telescoping Steering Wheel,2023-05-01T08:05:05.000Z,cars.com scrapper,2023-05-03T22:26:45.376Z
PU428334,features,Tilt Steering Wheel,2023-05-01T08:05:05.000Z,cars.com scrapper,2023-05-03T22:26:45.376Z
PU428334,features,Traction Control,2023-05-01T08:05:05.000Z,cars.com scrapper,2023-05-03T22:26:45.376Z
PU428334,features,Trip Computer,2023-05-01T08:05:05.000Z,cars.com scrapper,2023-05-03T22:26:45.376Z
PU428334,features,Variably Intermittent Wipers,2023-05-01T08:05:05.000Z,cars.com scrapper,2023-05-03T22:26:45.376Z
PU428334,features,Wheels: 17 X 7.0j Machine Finish Alloy,2023-05-01T08:05:05.000Z,cars.com scrapper,2023-05-03T22:26:45.376Z
PU428334,features,Wireless Charging Pad,2023-05-01T08:05:05.000Z,cars.com scrapper,2023-05-03T22:26:45.376Z
P14556,Entertainment,Apple CarPlay/Android Auto,2023-05-01T08:03:29.000Z,cars.com scrapper,2023-05-03T22:26:45.376Z
P14556,Exterior,Alloy Wheels,2023-05-01T08:03:29.000Z,cars.com scrapper,2023-05-03T22:26:45.376Z
P14556,Safety,Blind Spot Monitor,2023-05-01T08:03:29.000Z,cars.com scrapper,2023-05-03T22:26:45.376Z
P14556,Safety,Brake Assist,2023-05-01T08:03:29.000Z,cars.com scrapper,2023-05-03T22:26:45.376Z
P14556,Safety,Stability Control,2023-05-01T08:03:29.000Z,cars.com scrapper,2023-05-03T22:26:45.376Z
P14556,features,These features are associated with this vehicle type. Contact the seller to confirm this specific vehicle has them.,2023-05-01T08:03:29.000Z,cars.com scrapper,2023-05-03T22:26:45.376Z
P14556,features,17 Aluminum Alloy Wheels,2023-05-01T08:03:29.000Z,cars.com scrapper,2023-05-03T22:26:45.376Z
P14556,features,4 Speakers,2023-05-01T08:03:29.000Z,cars.com scrapper,2023-05-03T22:26:45.376Z
P14556,features,4-Wheel Disc Brakes,2023-05-01T08:03:29.000Z,cars.com scrapper,2023-05-03T22:26:45.376Z
P14556,features,5.604 Axle Ratio,2023-05-01T08:03:29.000Z,cars.com scrapper,2023-05-03T22:26:45.376Z
P14556,features,ABS Brakes,2023-05-01T08:03:29.000Z,cars.com scrapper,2023-05-03T22:26:45.376Z
P14556,features,AM/FM Radio,2023-05-01T08:03:29.000Z,cars.com scrapper,2023-05-03T22:26:45.376Z
P14556,features,AM/FM Radio: Siriusxm,2023-05-01T08:03:29.000Z,cars.com scrapper,2023-05-03T22:26:45.376Z
P14556,features,Air Conditioning,2023-05-01T08:03:29.000Z,cars.com scrapper,2023-05-03T22:26:45.376Z
P14556,features,Alloy Wheels,2023-05-01T08:03:29.000Z,cars.com scrapper,2023-05-03T22:26:45.376Z
P14556,features,Auto High-Beam Headlights,2023-05-01T08:03:29.000Z,cars.com scrapper,2023-05-03T22:26:45.376Z
P14556,features,Black Splash Guards (Set Of 4),2023-05-01T08:03:29.000Z,cars.com scrapper,2023-05-03T22:26:45.376Z
P14556,features,Blind Spot Warning,2023-05-01T08:03:29.000Z,cars.com scrapper,2023-05-03T22:26:45.376Z
P14556,features,Brake Assist,2023-05-01T08:03:29.000Z,cars.com scrapper,2023-05-03T22:26:45.376Z
P14556,features,Bumpers: Body-Color,2023-05-01T08:03:29.000Z,cars.com scrapper,2023-05-03T22:26:45.376Z
P14556,features,Chrome Rear Bumper Protector,2023-05-01T08:03:29.000Z,cars.com scrapper,2023-05-03T22:26:45.376Z
P14556,features,Cloth Seat Trim,2023-05-01T08:03:29.000Z,cars.com scrapper,2023-05-03T22:26:45.376Z
P14556,features,Delay-Off Headlights,2023-05-01T08:03:29.000Z,cars.com scrapper,2023-05-03T22:26:45.376Z
P14556,features,Driver Door Bin,2023-05-01T08:03:29.000Z,cars.com scrapper,2023-05-03T22:26:45.376Z
P14556,features,Driver Vanity Mirror,2023-05-01T08:03:29.000Z,cars.com scrapper,2023-05-03T22:26:45.376Z
P14556,features,Dual Front Impact Airbags,2023-05-01T08:03:29.000Z,cars.com scrapper,2023-05-03T22:26:45.376Z
P14556,features,Dual Front Side Impact Airbags,2023-05-01T08:03:29.000Z,cars.com scrapper,2023-05-03T22:26:45.376Z
P14556,features,Electronic Stability Control,2023-05-01T08:03:29.000Z,cars.com scrapper,2023-05-03T22:26:45.376Z
P14556,features,First Aid Kit,2023-05-01T08:03:29.000Z,cars.com scrapper,2023-05-03T22:26:45.376Z
P14556,features,Floor Mats W/1-Piece Cargo Area Protector,2023-05-01T08:03:29.000Z,cars.com scrapper,2023-05-03T22:26:45.376Z
P14556,features,Four Wheel Independent Suspension,2023-05-01T08:03:29.000Z,cars.com scrapper,2023-05-03T22:26:45.376Z
P14556,features,Front Anti-Roll Bar,2023-05-01T08:03:29.000Z,cars.com scrapper,2023-05-03T22:26:45.376Z
P14556,features,Front Bucket Seats,2023-05-01T08:03:29.000Z,cars.com scrapper,2023-05-03T22:26:45.376Z
P14556,features,Front Center Armrest,2023-05-01T08:03:29.000Z,cars.com scrapper,2023-05-03T22:26:45.376Z
P14556,features,Front Reading Lights,2023-05-01T08:03:29.000Z,cars.com scrapper,2023-05-03T22:26:45.376Z
P14556,features,Fully Automatic Headlights,2023-05-01T08:03:29.000Z,cars.com scrapper,2023-05-03T22:26:45.376Z
P14556,features,Illuminated Entry,2023-05-01T08:03:29.000Z,cars.com scrapper,2023-05-03T22:26:45.376Z
P14556,features,Knee Airbag,2023-05-01T08:03:29.000Z,cars.com scrapper,2023-05-03T22:26:45.376Z
P14556,features,Low Tire Pressure Warning,2023-05-01T08:03:29.000Z,cars.com scrapper,2023-05-03T22:26:45.376Z
P14556,features,Nissanconnect Featuring Apple Carplay And Android Auto,2023-05-01T08:03:29.000Z,cars.com scrapper,2023-05-03T22:26:45.376Z
P14556,features,Occupant Sensing Airbag,2023-05-01T08:03:29.000Z,cars.com scrapper,2023-05-03T22:26:45.376Z
P14556,features,Outside Temperature Display,2023-05-01T08:03:29.000Z,cars.com scrapper,2023-05-03T22:26:45.376Z
P14556,features,Overhead Airbag,2023-05-01T08:03:29.000Z,cars.com scrapper,2023-05-03T22:26:45.376Z
P14556,features,Overhead Console,2023-05-01T08:03:29.000Z,cars.com scrapper,2023-05-03T22:26:45.376Z
P14556,features,Panic Alarm,2023-05-01T08:03:29.000Z,cars.com scrapper,2023-05-03T22:26:45.376Z
P14556,features,Passenger Door Bin,2023-05-01T08:03:29.000Z,cars.com scrapper,2023-05-03T22:26:45.376Z
P14556,features,Passenger Vanity Mirror,2023-05-01T08:03:29.000Z,cars.com scrapper,2023-05-03T22:26:45.376Z
P14556,features,Power Door Mirrors,2023-05-01T08:03:29.000Z,cars.com scrapper,2023-05-03T22:26:45.376Z
P14556,features,Power Steering,2023-05-01T08:03:29.000Z,cars.com scrapper,2023-05-03T22:26:45.376Z
P14556,features,Power Windows,2023-05-01T08:03:29.000Z,cars.com scrapper,2023-05-03T22:26:45.376Z
P14556,features,Radio Data System,2023-05-01T08:03:29.000Z,cars.com scrapper,2023-05-03T22:26:45.376Z
P14556,features,Rear Anti-Roll Bar,2023-05-01T08:03:29.000Z,cars.com scrapper,2023-05-03T22:26:45.376Z
P14556,features,Rear Parking Sensors,2023-05-01T08:03:29.000Z,cars.com scrapper,2023-05-03T22:26:45.376Z
P14556,features,Rear Seat Center Armrest,2023-05-01T08:03:29.000Z,cars.com scrapper,2023-05-03T22:26:45.376Z
P14556,features,Rear Side Impact Airbag,2023-05-01T08:03:29.000Z,cars.com scrapper,2023-05-03T22:26:45.376Z
P14556,features,Rear Window Defroster,2023-05-01T08:03:29.000Z,cars.com scrapper,2023-05-03T22:26:45.376Z
P14556,features,Rear Window Wiper,2023-05-01T08:03:29.000Z,cars.com scrapper,2023-05-03T22:26:45.376Z
P14556,features,Remote Keyless Entry,2023-05-01T08:03:29.000Z,cars.com scrapper,2023-05-03T22:26:45.376Z
P14556,features,Speed Control,2023-05-01T08:03:29.000Z,cars.com scrapper,2023-05-03T22:26:45.376Z
P14556,features,Speed-Sensitive Wipers,2023-05-01T08:03:29.000Z,cars.com scrapper,2023-05-03T22:26:45.376Z
P14556,features,Split Folding Rear Seat,2023-05-01T08:03:29.000Z,cars.com scrapper,2023-05-03T22:26:45.376Z
P14556,features,Spoiler,2023-05-01T08:03:29.000Z,cars.com scrapper,2023-05-03T22:26:45.376Z
P14556,features,Steering Wheel Mounted Audio Controls,2023-05-01T08:03:29.000Z,cars.com scrapper,2023-05-03T22:26:45.376Z
P14556,features,Tachometer,2023-05-01T08:03:29.000Z,cars.com scrapper,2023-05-03T22:26:45.376Z
P14556,features,Telescoping Steering Wheel,2023-05-01T08:03:29.000Z,cars.com scrapper,2023-05-03T22:26:45.376Z
P14556,features,Tilt Steering Wheel,2023-05-01T08:03:29.000Z,cars.com scrapper,2023-05-03T22:26:45.376Z
P14556,features,Traction Control,2023-05-01T08:03:29.000Z,cars.com scrapper,2023-05-03T22:26:45.376Z
P14556,features,Trip Computer,2023-05-01T08:03:29.000Z,cars.com scrapper,2023-05-03T22:26:45.376Z
P14556,features,Variably Intermittent Wipers,2023-05-01T08:03:29.000Z,cars.com scrapper,2023-05-03T22:26:45.376Z
T0382,Entertainment,Apple CarPlay/Android Auto,2023-05-01T08:03:10.000Z,cars.com scrapper,2023-05-03T22:26:45.376Z
T0382,Exterior,Alloy Wheels,2023-05-01T08:03:10.000Z,cars.com scrapper,2023-05-03T22:26:45.376Z
T0382,Safety,Backup Camera,2023-05-01T08:03:10.000Z,cars.com scrapper,2023-05-03T22:26:45.376Z
T0382,Safety,Brake Assist,2023-05-01T08:03:10.000Z,cars.com scrapper,2023-05-03T22:26:45.376Z
T0382,Safety,Stability Control,2023-05-01T08:03:10.000Z,cars.com scrapper,2023-05-03T22:26:45.376Z
T0382,features,These features are associated with this vehicle type. Contact the seller to confirm this specific vehicle has them.,2023-05-01T08:03:10.000Z,cars.com scrapper,2023-05-03T22:26:45.376Z
T0382,features,16 X 6.5j Aluminum Alloy Wheels,2023-05-01T08:03:10.000Z,cars.com scrapper,2023-05-03T22:26:45.376Z
T0382,features,4-Wheel Disc Brakes,2023-05-01T08:03:10.000Z,cars.com scrapper,2023-05-03T22:26:45.376Z
T0382,features,6 Speakers,2023-05-01T08:03:10.000Z,cars.com scrapper,2023-05-03T22:26:45.376Z
T0382,features,ABS Brakes,2023-05-01T08:03:10.000Z,cars.com scrapper,2023-05-03T22:26:45.376Z
T0382,features,AM/FM Radio,2023-05-01T08:03:10.000Z,cars.com scrapper,2023-05-03T22:26:45.376Z
T0382,features,Air Conditioning,2023-05-01T08:03:10.000Z,cars.com scrapper,2023-05-03T22:26:45.376Z
T0382,features,Alloy Wheels,2023-05-01T08:03:10.000Z,cars.com scrapper,2023-05-03T22:26:45.376Z
T0382,features,Apple Carplay & Android Auto,2023-05-01T08:03:10.000Z,cars.com scrapper,2023-05-03T22:26:45.376Z
T0382,features,Auto High-Beam Headlights,2023-05-01T08:03:10.000Z,cars.com scrapper,2023-05-03T22:26:45.376Z
T0382,features,Brake Assist,2023-05-01T08:03:10.000Z,cars.com scrapper,2023-05-03T22:26:45.376Z
T0382,features,Bumpers: Body-Color,2023-05-01T08:03:10.000Z,cars.com scrapper,2023-05-03T22:26:45.376Z
T0382,features,Carpeted Floor Mats,2023-05-01T08:03:10.000Z,cars.com scrapper,2023-05-03T22:26:45.376Z
T0382,features,Delay-Off Headlights,2023-05-01T08:03:10.000Z,cars.com scrapper,2023-05-03T22:26:45.376Z
T0382,features,Driver Door Bin,2023-05-01T08:03:10.000Z,cars.com scrapper,2023-05-03T22:26:45.376Z
T0382,features,Driver Vanity Mirror,2023-05-01T08:03:10.000Z,cars.com scrapper,2023-05-03T22:26:45.376Z
T0382,features,Dual Front Impact Airbags,2023-05-01T08:03:10.000Z,cars.com scrapper,2023-05-03T22:26:45.376Z
T0382,features,Dual Front Side Impact Airbags,2023-05-01T08:03:10.000Z,cars.com scrapper,2023-05-03T22:26:45.376Z
T0382,features,Electronic Stability Control,2023-05-01T08:03:10.000Z,cars.com scrapper,2023-05-03T22:26:45.376Z
T0382,features,Exterior Parking Camera Rear,2023-05-01T08:03:10.000Z,cars.com scrapper,2023-05-03T22:26:45.376Z
T0382,features,Four Wheel Independent Suspension,2023-05-01T08:03:10.000Z,cars.com scrapper,2023-05-03T22:26:45.376Z
T0382,features,Front Anti-Roll Bar,2023-05-01T08:03:10.000Z,cars.com scrapper,2023-05-03T22:26:45.376Z
T0382,features,Front Bucket Seats,2023-05-01T08:03:10.000Z,cars.com scrapper,2023-05-03T22:26:45.376Z
T0382,features,Front Center Armrest,2023-05-01T08:03:10.000Z,cars.com scrapper,2023-05-03T22:26:45.376Z
T0382,features,Front Reading Lights,2023-05-01T08:03:10.000Z,cars.com scrapper,2023-05-03T22:26:45.376Z
T0382,features,Fully Automatic Headlights,2023-05-01T08:03:10.000Z,cars.com scrapper,2023-05-03T22:26:45.376Z
T0382,features,Heated Door Mirrors,2023-05-01T08:03:10.000Z,cars.com scrapper,2023-05-03T22:26:45.376Z
T0382,features,Illuminated Entry,2023-05-01T08:03:10.000Z,cars.com scrapper,2023-05-03T22:26:45.376Z
T0382,features,Knee Airbag,2023-05-01T08:03:10.000Z,cars.com scrapper,2023-05-03T22:26:45.376Z
T0382,features,Low Tire Pressure Warning,2023-05-01T08:03:10.000Z,cars.com scrapper,2023-05-03T22:26:45.376Z
T0382,features,Occupant Sensing Airbag,2023-05-01T08:03:10.000Z,cars.com scrapper,2023-05-03T22:26:45.376Z
T0382,features,Option Group 01,2023-05-01T08:03:10.000Z,cars.com scrapper,2023-05-03T22:26:45.376Z
T0382,features,Outside Temperature Display,2023-05-01T08:03:10.000Z,cars.com scrapper,2023-05-03T22:26:45.376Z
T0382,features,Overhead Airbag,2023-05-01T08:03:10.000Z,cars.com scrapper,2023-05-03T22:26:45.376Z
T0382,features,Overhead Console,2023-05-01T08:03:10.000Z,cars.com scrapper,2023-05-03T22:26:45.376Z
T0382,features,Panic Alarm,2023-05-01T08:03:10.000Z,cars.com scrapper,2023-05-03T22:26:45.376Z
T0382,features,Passenger Door Bin,2023-05-01T08:03:10.000Z,cars.com scrapper,2023-05-03T22:26:45.376Z
T0382,features,Passenger Vanity Mirror,2023-05-01T08:03:10.000Z,cars.com scrapper,2023-05-03T22:26:45.376Z
T0382,features,Power Door Mirrors,2023-05-01T08:03:10.000Z,cars.com scrapper,2023-05-03T22:26:45.376Z
T0382,features,Power Steering,2023-05-01T08:03:10.000Z,cars.com scrapper,2023-05-03T22:26:45.376Z
T0382,features,Power Windows,2023-05-01T08:03:10.000Z,cars.com scrapper,2023-05-03T22:26:45.376Z
T0382,features,Premium Cloth Seating Surfaces,2023-05-01T08:03:10.000Z,cars.com scrapper,2023-05-03T22:26:45.376Z
T0382,features,Radio Data System,2023-05-01T08:03:10.000Z,cars.com scrapper,2023-05-03T22:26:45.376Z
T0382,features,Radio: Am/Fm/Mp3/Hd Display Audio,2023-05-01T08:03:10.000Z,cars.com scrapper,2023-05-03T22:26:45.376Z
T0382,features,Rear Anti-Roll Bar,2023-05-01T08:03:10.000Z,cars.com scrapper,2023-05-03T22:26:45.376Z
T0382,features,Rear Side Impact Airbag,2023-05-01T08:03:10.000Z,cars.com scrapper,2023-05-03T22:26:45.376Z
T0382,features,Rear Window Defroster,2023-05-01T08:03:10.000Z,cars.com scrapper,2023-05-03T22:26:45.376Z
T0382,features,Remote Keyless Entry,2023-05-01T08:03:10.000Z,cars.com scrapper,2023-05-03T22:26:45.376Z
T0382,features,Security System,2023-05-01T08:03:10.000Z,cars.com scrapper,2023-05-03T22:26:45.376Z
T0382,features,Speed Control,2023-05-01T08:03:10.000Z,cars.com scrapper,2023-05-03T22:26:45.376Z
T0382,features,Speed-Sensing Steering,2023-05-01T08:03:10.000Z,cars.com scrapper,2023-05-03T22:26:45.376Z
T0382,features,Speed-Sensitive Wipers,2023-05-01T08:03:10.000Z,cars.com scrapper,2023-05-03T22:26:45.376Z
T0382,features,Split Folding Rear Seat,2023-05-01T08:03:10.000Z,cars.com scrapper,2023-05-03T22:26:45.376Z
T0382,features,Steering Wheel Mounted Audio Controls,2023-05-01T08:03:10.000Z,cars.com scrapper,2023-05-03T22:26:45.376Z
T0382,features,Tachometer,2023-05-01T08:03:10.000Z,cars.com scrapper,2023-05-03T22:26:45.376Z
T0382,features,Telescoping Steering Wheel,2023-05-01T08:03:10.000Z,cars.com scrapper,2023-05-03T22:26:45.376Z
T0382,features,Tilt Steering Wheel,2023-05-01T08:03:10.000Z,cars.com scrapper,2023-05-03T22:26:45.376Z
T0382,features,Traction Control,2023-05-01T08:03:10.000Z,cars.com scrapper,2023-05-03T22:26:45.376Z
T0382,features,Trip Computer,2023-05-01T08:03:10.000Z,cars.com scrapper,2023-05-03T22:26:45.376Z
T0382,features,Turn Signal Indicator Mirrors,2023-05-01T08:03:10.000Z,cars.com scrapper,2023-05-03T22:26:45.376Z
T0382,features,Variably Intermittent Wipers,2023-05-01T08:03:10.000Z,cars.com scrapper,2023-05-03T22:26:45.376Z
KTSE514013,Convenience,Keyless Start,2023-05-01T08:01:37.000Z,cars.com scrapper,2023-05-03T22:26:45.376Z
KTSE514013,Exterior,Alloy Wheels,2023-05-01T08:01:37.000Z,cars.com scrapper,2023-05-03T22:26:45.376Z
KTSE514013,Safety,Automatic Emergency Braking,2023-05-01T08:01:37.000Z,cars.com scrapper,2023-05-03T22:26:45.376Z
KTSE514013,Safety,Brake Assist,2023-05-01T08:01:37.000Z,cars.com scrapper,2023-05-03T22:26:45.376Z
KTSE514013,Safety,LED Headlights,2023-05-01T08:01:37.000Z,cars.com scrapper,2023-05-03T22:26:45.376Z
KTSE514013,Safety,Stability Control,2023-05-01T08:01:37.000Z,cars.com scrapper,2023-05-03T22:26:45.376Z
KTSE514013,features,These features are associated with this vehicle type. Contact the seller to confirm this specific vehicle has them.,2023-05-01T08:01:37.000Z,cars.com scrapper,2023-05-03T22:26:45.376Z
KTSE514013,features,15 Alloy Wheels,2023-05-01T08:01:37.000Z,cars.com scrapper,2023-05-03T22:26:45.376Z
KTSE514013,features,6 Speakers,2023-05-01T08:01:37.000Z,cars.com scrapper,2023-05-03T22:26:45.376Z
KTSE514013,features,ABS Brakes,2023-05-01T08:01:37.000Z,cars.com scrapper,2023-05-03T22:26:45.376Z
KTSE514013,features,AM/FM Radio,2023-05-01T08:01:37.000Z,cars.com scrapper,2023-05-03T22:26:45.376Z
KTSE514013,features,Air Conditioning,2023-05-01T08:01:37.000Z,cars.com scrapper,2023-05-03T22:26:45.376Z
KTSE514013,features,Automatic Temperature Control,2023-05-01T08:01:37.000Z,cars.com scrapper,2023-05-03T22:26:45.376Z
KTSE514013,features,Brake Assist,2023-05-01T08:01:37.000Z,cars.com scrapper,2023-05-03T22:26:45.376Z
KTSE514013,features,Bumpers: Body-Color,2023-05-01T08:01:37.000Z,cars.com scrapper,2023-05-03T22:26:45.376Z
KTSE514013,features,Carpet Floor Mats,2023-05-01T08:01:37.000Z,cars.com scrapper,2023-05-03T22:26:45.376Z
KTSE514013,features,Chrome Door Handles,2023-05-01T08:01:37.000Z,cars.com scrapper,2023-05-03T22:26:45.376Z
KTSE514013,features,Driver Door Bin,2023-05-01T08:01:37.000Z,cars.com scrapper,2023-05-03T22:26:45.376Z
KTSE514013,features,Driver Vanity Mirror,2023-05-01T08:01:37.000Z,cars.com scrapper,2023-05-03T22:26:45.376Z
KTSE514013,features,Dual Front Impact Airbags,2023-05-01T08:01:37.000Z,cars.com scrapper,2023-05-03T22:26:45.376Z
KTSE514013,features,Dual Front Side Impact Airbags,2023-05-01T08:01:37.000Z,cars.com scrapper,2023-05-03T22:26:45.376Z
KTSE514013,features,Electronic Stability Control,2023-05-01T08:01:37.000Z,cars.com scrapper,2023-05-03T22:26:45.376Z
KTSE514013,features,Forward Collision Avoidance Assist,2023-05-01T08:01:37.000Z,cars.com scrapper,2023-05-03T22:26:45.376Z
KTSE514013,features,Front Anti-Roll Bar,2023-05-01T08:01:37.000Z,cars.com scrapper,2023-05-03T22:26:45.376Z
KTSE514013,features,Front Bucket Seats,2023-05-01T08:01:37.000Z,cars.com scrapper,2023-05-03T22:26:45.376Z
KTSE514013,features,Front Center Armrest,2023-05-01T08:01:37.000Z,cars.com scrapper,2023-05-03T22:26:45.376Z
KTSE514013,features,Front Reading Lights,2023-05-01T08:01:37.000Z,cars.com scrapper,2023-05-03T22:26:45.376Z
KTSE514013,features,Front Wheel Independent Suspension,2023-05-01T08:01:37.000Z,cars.com scrapper,2023-05-03T22:26:45.376Z
KTSE514013,features,Fully Automatic Headlights,2023-05-01T08:01:37.000Z,cars.com scrapper,2023-05-03T22:26:45.376Z
KTSE514013,features,Heated Door Mirrors,2023-05-01T08:01:37.000Z,cars.com scrapper,2023-05-03T22:26:45.376Z
KTSE514013,features,Highline Tire Pressure Monitoring System (Tpms),2023-05-01T08:01:37.000Z,cars.com scrapper,2023-05-03T22:26:45.376Z
KTSE514013,features,Illuminated Entry,2023-05-01T08:01:37.000Z,cars.com scrapper,2023-05-03T22:26:45.376Z
KTSE514013,features,LED Headlights,2023-05-01T08:01:37.000Z,cars.com scrapper,2023-05-03T22:26:45.376Z
KTSE514013,features,LED Positioning Lights,2023-05-01T08:01:37.000Z,cars.com scrapper,2023-05-03T22:26:45.376Z
KTSE514013,features,Low Tire Pressure Warning,2023-05-01T08:01:37.000Z,cars.com scrapper,2023-05-03T22:26:45.376Z
KTSE514013,features,Occupant Sensing Airbag,2023-05-01T08:01:37.000Z,cars.com scrapper,2023-05-03T22:26:45.376Z
KTSE514013,features,Outside Temperature Display,2023-05-01T08:01:37.000Z,cars.com scrapper,2023-05-03T22:26:45.376Z
KTSE514013,features,Overhead Airbag,2023-05-01T08:01:37.000Z,cars.com scrapper,2023-05-03T22:26:45.376Z
KTSE514013,features,Overhead Console,2023-05-01T08:01:37.000Z,cars.com scrapper,2023-05-03T22:26:45.376Z
KTSE514013,features,Panic Alarm,2023-05-01T08:01:37.000Z,cars.com scrapper,2023-05-03T22:26:45.376Z
KTSE514013,features,Passenger Door Bin,2023-05-01T08:01:37.000Z,cars.com scrapper,2023-05-03T22:26:45.376Z
KTSE514013,features,Passenger Vanity Mirror,2023-05-01T08:01:37.000Z,cars.com scrapper,2023-05-03T22:26:45.376Z
KTSE514013,features,Power Door Mirrors,2023-05-01T08:01:37.000Z,cars.com scrapper,2023-05-03T22:26:45.376Z
KTSE514013,features,Power Steering,2023-05-01T08:01:37.000Z,cars.com scrapper,2023-05-03T22:26:45.376Z
KTSE514013,features,Power Windows,2023-05-01T08:01:37.000Z,cars.com scrapper,2023-05-03T22:26:45.376Z
KTSE514013,features,Push Button Start W/Immobilizer,2023-05-01T08:01:37.000Z,cars.com scrapper,2023-05-03T22:26:45.376Z
KTSE514013,features,Radio: Am/Fm/Mp3 Audio System,2023-05-01T08:01:37.000Z,cars.com scrapper,2023-05-03T22:26:45.376Z
KTSE514013,features,Radio: Am/Fm/Mp3/Siriusxm Audio System,2023-05-01T08:01:37.000Z,cars.com scrapper,2023-05-03T22:26:45.376Z
KTSE514013,features,Rear Disc Brakes,2023-05-01T08:01:37.000Z,cars.com scrapper,2023-05-03T22:26:45.376Z
KTSE514013,features,Rear Occupant Alert,2023-05-01T08:01:37.000Z,cars.com scrapper,2023-05-03T22:26:45.376Z
KTSE514013,features,Rear Window Defroster,2023-05-01T08:01:37.000Z,cars.com scrapper,2023-05-03T22:26:45.376Z
KTSE514013,features,Remote Keyless Entry,2023-05-01T08:01:37.000Z,cars.com scrapper,2023-05-03T22:26:45.376Z
KTSE514013,features,SiriusXM Satellite Radio,2023-05-01T08:01:37.000Z,cars.com scrapper,2023-05-03T22:26:45.376Z
KTSE514013,features,Speed Control,2023-05-01T08:01:37.000Z,cars.com scrapper,2023-05-03T22:26:45.376Z
KTSE514013,features,Speed-Sensing Steering,2023-05-01T08:01:37.000Z,cars.com scrapper,2023-05-03T22:26:45.376Z
KTSE514013,features,Split Folding Rear Seat,2023-05-01T08:01:37.000Z,cars.com scrapper,2023-05-03T22:26:45.376Z
KTSE514013,features,Steering Wheel Mounted Audio Controls,2023-05-01T08:01:37.000Z,cars.com scrapper,2023-05-03T22:26:45.376Z
KTSE514013,features,Supervision Meter Cluster,2023-05-01T08:01:37.000Z,cars.com scrapper,2023-05-03T22:26:45.376Z
KTSE514013,features,Tachometer,2023-05-01T08:01:37.000Z,cars.com scrapper,2023-05-03T22:26:45.376Z
KTSE514013,features,Technology Package,2023-05-01T08:01:37.000Z,cars.com scrapper,2023-05-03T22:26:45.376Z
KTSE514013,features,Tilt Steering Wheel,2023-05-01T08:01:37.000Z,cars.com scrapper,2023-05-03T22:26:45.376Z
KTSE514013,features,Traction Control,2023-05-01T08:01:37.000Z,cars.com scrapper,2023-05-03T22:26:45.376Z
KTSE514013,features,Trip Computer,2023-05-01T08:01:37.000Z,cars.com scrapper,2023-05-03T22:26:45.376Z
KTSE514013,features,Variably Intermittent Wipers,2023-05-01T08:01:37.000Z,cars.com scrapper,2023-05-03T22:26:45.376Z
KTSE514013,features,Wheels: 15 X 5.5j Steel W/Full Covers,2023-05-01T08:01:37.000Z,cars.com scrapper,2023-05-03T22:26:45.376Z
KTSE514013,features,Woven Cloth Seat Trim,2023-05-01T08:01:37.000Z,cars.com scrapper,2023-05-03T22:26:45.376Z
L20237443,Entertainment,Bluetooth,2023-05-01T08:01:12.000Z,cars.com scrapper,2023-05-03T22:26:45.376Z
L20237443,Safety,Backup Camera,2023-05-01T08:01:12.000Z,cars.com scrapper,2023-05-03T22:26:45.376Z
L20237443,Safety,Brake Assist,2023-05-01T08:01:12.000Z,cars.com scrapper,2023-05-03T22:26:45.376Z
L20237443,Safety,Lane Departure Warning,2023-05-01T08:01:12.000Z,cars.com scrapper,2023-05-03T22:26:45.376Z
L20237443,Safety,Stability Control,2023-05-01T08:01:12.000Z,cars.com scrapper,2023-05-03T22:26:45.376Z
L20237443,features,These features are associated with this vehicle type. Contact the seller to confirm this specific vehicle has them.,2023-05-01T08:01:12.000Z,cars.com scrapper,2023-05-03T22:26:45.376Z
L20237443,features,A/C,2023-05-01T08:01:12.000Z,cars.com scrapper,2023-05-03T22:26:45.376Z
L20237443,features,ABS,2023-05-01T08:01:12.000Z,cars.com scrapper,2023-05-03T22:26:45.376Z
L20237443,features,AM/FM Stereo,2023-05-01T08:01:12.000Z,cars.com scrapper,2023-05-03T22:26:45.376Z
L20237443,features,Adjustable Steering Wheel,2023-05-01T08:01:12.000Z,cars.com scrapper,2023-05-03T22:26:45.376Z
L20237443,features,Automatic Headlights,2023-05-01T08:01:12.000Z,cars.com scrapper,2023-05-03T22:26:45.376Z
L20237443,features,Automatic Highbeams,2023-05-01T08:01:12.000Z,cars.com scrapper,2023-05-03T22:26:45.376Z
L20237443,features,Auxiliary Audio Input,2023-05-01T08:01:12.000Z,cars.com scrapper,2023-05-03T22:26:45.376Z
L20237443,features,Back-Up Camera,2023-05-01T08:01:12.000Z,cars.com scrapper,2023-05-03T22:26:45.376Z
L20237443,features,Bluetooth Connection,2023-05-01T08:01:12.000Z,cars.com scrapper,2023-05-03T22:26:45.376Z
L20237443,features,Brake Assist,2023-05-01T08:01:12.000Z,cars.com scrapper,2023-05-03T22:26:45.376Z
L20237443,features,Bucket Seats,2023-05-01T08:01:12.000Z,cars.com scrapper,2023-05-03T22:26:45.376Z
L20237443,features,CHARCOAL CLOTH SEAT TRIM,2023-05-01T08:01:12.000Z,cars.com scrapper,2023-05-03T22:26:45.376Z
L20237443,features,Child Safety Locks,2023-05-01T08:01:12.000Z,cars.com scrapper,2023-05-03T22:26:45.376Z
L20237443,features,Cloth Seats,2023-05-01T08:01:12.000Z,cars.com scrapper,2023-05-03T22:26:45.376Z
L20237443,features,Cruise Control,2023-05-01T08:01:12.000Z,cars.com scrapper,2023-05-03T22:26:45.376Z
L20237443,features,Daytime Running Lights,2023-05-01T08:01:12.000Z,cars.com scrapper,2023-05-03T22:26:45.376Z
L20237443,features,Driver Air Bag,2023-05-01T08:01:12.000Z,cars.com scrapper,2023-05-03T22:26:45.376Z
L20237443,features,Driver Vanity Mirror,2023-05-01T08:01:12.000Z,cars.com scrapper,2023-05-03T22:26:45.376Z
L20237443,features,Front Collision Mitigation,2023-05-01T08:01:12.000Z,cars.com scrapper,2023-05-03T22:26:45.376Z
L20237443,features,Front Disc/Rear Drum Brakes,2023-05-01T08:01:12.000Z,cars.com scrapper,2023-05-03T22:26:45.376Z
L20237443,features,Front Head Air Bag,2023-05-01T08:01:12.000Z,cars.com scrapper,2023-05-03T22:26:45.376Z
L20237443,features,Front Side Air Bag,2023-05-01T08:01:12.000Z,cars.com scrapper,2023-05-03T22:26:45.376Z
L20237443,features,Front Wheel Drive,2023-05-01T08:01:12.000Z,cars.com scrapper,2023-05-03T22:26:45.376Z
L20237443,features,GUN METALLIC,2023-05-01T08:01:12.000Z,cars.com scrapper,2023-05-03T22:26:45.376Z
L20237443,features,Immobilizer,2023-05-01T08:01:12.000Z,cars.com scrapper,2023-05-03T22:26:45.376Z
L20237443,features,Intermittent Wipers,2023-05-01T08:01:12.000Z,cars.com scrapper,2023-05-03T22:26:45.376Z
L20237443,features,Knee Air Bag,2023-05-01T08:01:12.000Z,cars.com scrapper,2023-05-03T22:26:45.376Z
L20237443,features,Lane Departure Warning,2023-05-01T08:01:12.000Z,cars.com scrapper,2023-05-03T22:26:45.376Z
L20237443,features,MP3 Player,2023-05-01T08:01:12.000Z,cars.com scrapper,2023-05-03T22:26:45.376Z
L20237443,features,Passenger Air Bag,2023-05-01T08:01:12.000Z,cars.com scrapper,2023-05-03T22:26:45.376Z
L20237443,features,Passenger Air Bag Sensor,2023-05-01T08:01:12.000Z,cars.com scrapper,2023-05-03T22:26:45.376Z
L20237443,features,Passenger Vanity Mirror,2023-05-01T08:01:12.000Z,cars.com scrapper,2023-05-03T22:26:45.376Z
L20237443,features,Power Door Locks,2023-05-01T08:01:12.000Z,cars.com scrapper,2023-05-03T22:26:45.376Z
L20237443,features,Power Mirror(s),2023-05-01T08:01:12.000Z,cars.com scrapper,2023-05-03T22:26:45.376Z
L20237443,features,Power Steering,2023-05-01T08:01:12.000Z,cars.com scrapper,2023-05-03T22:26:45.376Z
L20237443,features,Power Windows,2023-05-01T08:01:12.000Z,cars.com scrapper,2023-05-03T22:26:45.376Z
L20237443,features,Rear Bench Seat,2023-05-01T08:01:12.000Z,cars.com scrapper,2023-05-03T22:26:45.376Z
L20237443,features,Rear Collision Mitigation,2023-05-01T08:01:12.000Z,cars.com scrapper,2023-05-03T22:26:45.376Z
L20237443,features,Rear Defrost,2023-05-01T08:01:12.000Z,cars.com scrapper,2023-05-03T22:26:45.376Z
L20237443,features,Rear Head Air Bag,2023-05-01T08:01:12.000Z,cars.com scrapper,2023-05-03T22:26:45.376Z
L20237443,features,Rear Side Air Bag,2023-05-01T08:01:12.000Z,cars.com scrapper,2023-05-03T22:26:45.376Z
L20237443,features,Remote Trunk Release,2023-05-01T08:01:12.000Z,cars.com scrapper,2023-05-03T22:26:45.376Z
L20237443,features,Stability Control,2023-05-01T08:01:12.000Z,cars.com scrapper,2023-05-03T22:26:45.376Z
L20237443,features,Steel Wheels,2023-05-01T08:01:12.000Z,cars.com scrapper,2023-05-03T22:26:45.376Z
L20237443,features,Steering Wheel Audio Controls,2023-05-01T08:01:12.000Z,cars.com scrapper,2023-05-03T22:26:45.376Z
L20237443,features,Temporary Spare Tire,2023-05-01T08:01:12.000Z,cars.com scrapper,2023-05-03T22:26:45.376Z
L20237443,features,Tire Pressure Monitor,2023-05-01T08:01:12.000Z,cars.com scrapper,2023-05-03T22:26:45.376Z
L20237443,features,Tires - Front All-Season,2023-05-01T08:01:12.000Z,cars.com scrapper,2023-05-03T22:26:45.376Z
L20237443,features,Tires - Rear All-Season,2023-05-01T08:01:12.000Z,cars.com scrapper,2023-05-03T22:26:45.376Z
L20237443,features,Traction Control,2023-05-01T08:01:12.000Z,cars.com scrapper,2023-05-03T22:26:45.376Z
L20237443,features,Trip Computer,2023-05-01T08:01:12.000Z,cars.com scrapper,2023-05-03T22:26:45.376Z
L20237443,features,Variable Speed Intermittent Wipers,2023-05-01T08:01:12.000Z,cars.com scrapper,2023-05-03T22:26:45.376Z
L20237443,features,Wheel Covers,2023-05-01T08:01:12.000Z,cars.com scrapper,2023-05-03T22:26:45.376Z
L20237443,features,[B93] SPLASH GUARDS,2023-05-01T08:01:12.000Z,cars.com scrapper,2023-05-03T22:26:45.376Z
L20237443,features,[L92] CARPETED FLOOR MATS,2023-05-01T08:01:12.000Z,cars.com scrapper,2023-05-03T22:26:45.376Z
L20237443,features,[M92] TRUNK PACKAGE,2023-05-01T08:01:12.000Z,cars.com scrapper,2023-05-03T22:26:45.376Z
